{  
   "results":[  
      {  
         "bioguide_id":"T000461",
         "birthday":"1961-11-17",
         "chamber":"senate",
         "contact_form":"https://www.toomey.senate.gov/?p=contact",
         "crp_id":"N00001489",
         "district":null,
         "facebook_id":"senatortoomey",
         "fax":"202-228-0284",
         "fec_ids":[  
            "S4PA00121",
            "H8PA15096"
         ],
         "first_name":"Patrick",
         "gender":"M",
         "govtrack_id":"400408",
         "icpsr_id":29935,
         "in_office":true,
         "last_name":"Toomey",
         "leadership_role":null,
         "lis_id":"S351",
         "middle_name":"J.",
         "name_suffix":null,
         "nickname":"Pat",
         "oc_email":"Sen.Toomey@opencongress.org",
         "ocd_id":"ocd-division/country:us/state:pa",
         "office":"248 Russell Senate Office Building",
         "party":"R",
         "phone":"202-224-4254",
         "senate_class":3,
         "state":"PA",
         "state_name":"Pennsylvania",
         "state_rank":"junior",
         "term_end":"2023-01-03",
         "term_start":"2017-01-03",
         "thomas_id":"02085",
         "title":"Sen",
         "twitter_id":"SenToomey",
         "votesmart_id":24096,
         "website":"https://www.toomey.senate.gov",
         "youtube_id":"sentoomey"
      },
      {  
         "bioguide_id":"M001151",
         "birthday":"1952-09-11",
         "chamber":"house",
         "contact_form":null,
         "crp_id":"N00024992",
         "district":18,
         "facebook_id":"reptimmurphy",
         "fax":"202-225-1844",
         "fec_ids":[  
            "H2PA18143"
         ],
         "first_name":"Tim",
         "gender":"M",
         "govtrack_id":"400285",
         "icpsr_id":20346,
         "in_office":true,
         "last_name":"Murphy",
         "leadership_role":null,
         "middle_name":null,
         "name_suffix":null,
         "nickname":null,
         "oc_email":"Rep.Murphy@opencongress.org",
         "ocd_id":"ocd-division/country:us/state:pa/cd:18",
         "office":"2332 Rayburn House Office Building",
         "party":"R",
         "phone":"202-225-2301",
         "state":"PA",
         "state_name":"Pennsylvania",
         "term_end":"2019-01-03",
         "term_start":"2017-01-03",
         "thomas_id":"01744",
         "title":"Rep",
         "twitter_id":"RepTimMurphy",
         "votesmart_id":9794,
         "website":"https://murphy.house.gov",
         "youtube_id":"TimMurphyPA18"
      },
      {  
         "bioguide_id":"D000482",
         "birthday":"1953-08-05",
         "chamber":"house",
         "contact_form":null,
         "crp_id":"N00001373",
         "district":14,
         "facebook_id":"usrepmikedoyle",
         "fax":"202-225-3084",
         "fec_ids":[  
            "H4PA18131"
         ],
         "first_name":"Michael",
         "gender":"M",
         "govtrack_id":"400114",
         "icpsr_id":29561,
         "in_office":true,
         "last_name":"Doyle",
         "leadership_role":null,
         "middle_name":"F.",
         "name_suffix":"Jr.",
         "nickname":"Mike",
         "oc_email":"Rep.Doyle@opencongress.org",
         "ocd_id":"ocd-division/country:us/state:pa/cd:14",
         "office":"239 Cannon House Office Building",
         "party":"D",
         "phone":"202-225-2135",
         "state":"PA",
         "state_name":"Pennsylvania",
         "term_end":"2019-01-03",
         "term_start":"2017-01-03",
         "thomas_id":"00316",
         "title":"Rep",
         "twitter_id":"USRepMikeDoyle",
         "votesmart_id":21853,
         "website":"http://doyle.house.gov",
         "youtube_id":"CongressmanDoyle"
      },
      {  
         "bioguide_id":"C001070",
         "birthday":"1960-04-13",
         "chamber":"senate",
         "contact_form":"https://www.casey.senate.gov/contact/",
         "crp_id":"N00027503",
         "district":null,
         "facebook_id":"SenatorBobCasey",
         "fax":"202-228-0604",
         "fec_ids":[  
            "S6PA00217"
         ],
         "first_name":"Robert",
         "gender":"M",
         "govtrack_id":"412246",
         "icpsr_id":40703,
         "in_office":true,
         "last_name":"Casey",
         "leadership_role":null,
         "lis_id":"S309",
         "middle_name":"P.",
         "name_suffix":"Jr.",
         "nickname":"Bob",
         "oc_email":"Sen.Casey@opencongress.org",
         "ocd_id":"ocd-division/country:us/state:pa",
         "office":"393 Russell Senate Office Building",
         "party":"D",
         "phone":"202-224-6324",
         "senate_class":1,
         "state":"PA",
         "state_name":"Pennsylvania",
         "state_rank":"senior",
         "term_end":"2019-01-03",
         "term_start":"2013-01-03",
         "thomas_id":"01828",
         "title":"Sen",
         "twitter_id":"SenBobCasey",
         "votesmart_id":2541,
         "website":"https://www.casey.senate.gov",
         "youtube_id":"SenatorBobCasey"
      }
   ],
   "count":4,
   "page":{  
      "count":4,
      "per_page":20,
      "page":1
   }
}