
{
    "divisions": {
     "ocd-division/country:us/state:pa/cd:6": {
      "name": "Pennsylvania's 6th congressional district",
      "officeIndices": [
       0
      ]
     }
    },
    "offices": [
     {
      "name": "United States House of Representatives PA-06",
      "divisionId": "ocd-division/country:us/state:pa/cd:6",
      "levels": [
       "country"
      ],
      "roles": [
       "legislatorLowerBody"
      ],
      "officialIndices": [
       0
      ]
     }
    ],
    "officials": [
     {
      "name": "Ryan A. Costello",
      "address": [
       {
        "line1": "326 Cannon House Office Building",
        "city": "Washington",
        "state": "DC",
        "zip": "20515"
       }
      ],
      "party": "Republican",
      "phones": [
       "(202) 225-4315"
      ],
      "urls": [
       "https://costello.house.gov/"
      ],
      "photoUrl": "https://costello.house.gov/sites/costello.house.gov/files/styles/congress_image_medium/public/wysiwyg_uploaded/PA06-Costello-officialphoto.jpg?itok=egcbIqY9",
      "channels": [
       {
        "type": "GooglePlus",
        "id": "103707882259339470526"
       },
       {
        "type": "Facebook",
        "id": "CongressmanRyanCostello"
       },
       {
        "type": "Twitter",
        "id": "RepRyanCostello"
       },
       {
        "type": "YouTube",
        "id": "UCJzU_8Bwz1lUyP1qz84L5jw"
       },
       {
        "type": "YouTube",
        "id": "UCXzo_XRCncDjId2GUMWbMCg"
       }
      ]
     }
    ]
   }
   