{"results":
	[
		{
			"partyId":"p001",
			"name":"Dravida Munnetra Kazhagam (DMK)",
			"type" : "State Party",
			"establishedDate":"15-01-1980",
			"registeredAddress":"Anna Arivalayam,268- 269, Anna Salai, Teynampet, Chennai-600018, Tamil Nadu,India",
			"ideology":"Dravidian",
			"profileImage":"http://bioguide.congress.gov/bioguide/photo/C/C001070.jpg"
		},

		{
			"partyId":"p002",			
			"name":"All India Anna Dravida Munnetra Kazhagam (AIADMK)",
			"Type" : "State Party",
			"establishedDate":"15-01-1985",
			"registeredAddress":" 275, Avvai Shanmugam Salai, Royapettah, Chennai- 600014, Tamil Nadu,India",
			"ideology":"Dravidian",
			"profileImage":"aiadmk-Party.png"
		}
	]
}