[
	{
	"profile_template_id":"ptemp0010",
	"type":"legislativeDistrict-Federal",
	"properties" : ["name", "description"]
	},
	{ 
	"profile_template_id":"ptemp0011",
	"type":"legislativeDistrict-Federal",
	"properties" : ["population", "maleCount", "femaleCount", "othersCount"]
	},
	{
	"profile_template_id":"ptemp0012",
	"type":"legislativeDistrict-Federal",	
	"properties" : []
	},
	{
	"profile_template_id":"upDefault",
	"type":"publicUser",
	"properties" : ["firstName", "lastName", "imageUrl"]
	},
	{
	"profile_template_id":"upCongressLegislatorExternal",
	"type":"legislator",
	"properties" : [
         "bioguide_id",
         "birthday",
         "chamber",
         "contact_form",
         "crp_id",
         "district",
         "facebook_id",
         "fax",
         "fec_ids",
         "first_name",
         "gender",
         "govtrack_id",
         "icpsr_id",
         "in_office",
         "last_name",
         "leadership_role",
         "lis_id",
         "middle_name",
         "name_suffix",
         "nickname",
         "oc_email",
         "ocd_id",
         "office",
         "party",
         "phone",
         "senate_class",
         "state",
         "state_name",
         "state_rank",
         "term_end",
         "term_start",
         "thomas_id",
         "title",
         "twitter_id",
         "votesmart_id",
         "website",
         "youtube_id"
     ]


	}
]