[{"id": "PAL000515", "leg_id": "PAL000515", "all_ids": ["PAL000515"], "full_name": "Dan L. Miller", "first_name": "Dan L.", "last_name": "Miller", "suffix": "", "photo_url": "http://www.legis.state.pa.us/images/members/200/1679.jpg", "url": "http://www.legis.state.pa.us/cfdocs/legis/home/member_information/representatives_alpha.cfm", "email": null, "party": "Democratic", "chamber": "lower", "district": "42", "state": "pa", "sources": [{"url": "http://www.legis.state.pa.us/cfdocs/legis/home/member_information/representatives_alpha.cfm"}, {"url": "http://www.legis.state.pa.us/cfdocs/legis/home/member_information/House_bio.cfm?id=1679"}], "active": true, "roles": [{"term": "2017-2018", "district": "42", "chamber": "lower", "state": "pa", "party": "Democratic", "type": "member", "start_date": null, "end_date": null}], "offices": [{"name": "District Office", "fax": "412-343-2050", "phone": "412-343-3870", "email": null, "address": "650 Washington Road Suite 102 Mt. Lebanon, PA 15228", "type": "district"}, {"name": "Capitol Office", "fax": "717-780-4756", "phone": "717-783-1850", "email": null, "address": "116A East Wing PO Box 202042 Harrisburg, PA 17120-2042", "type": "capitol"}], "old_roles": {}, "middle_name": "", "country": "us", "level": "state", "created_at": "2018-10-18 16:11:06", "updated_at": "2018-12-10 22:09:54"}, 
{"id": "PAL000016", "leg_id": "PAL000016", "all_ids": ["PAL000016"], "full_name": "Wayne D. Fontana", "first_name": "Wayne", "last_name": "Fontana", "suffix": "", "photo_url": "http://www.legis.state.pa.us/images/members/200/1041.jpg", "url": "http://www.legis.state.pa.us/cfdocs/legis/home/member_information/senators_alpha.cfm", "email": "fontana@pasenate.com", "party": "Democratic", "chamber": "upper", "district": "42", "state": "pa", "sources": [{"url": "http://www.legis.state.pa.us/cfdocs/legis/home/member_information/senators_alpha.cfm"}, {"url": "http://www.legis.state.pa.us/cfdocs/legis/home/member_information/Senate_bio.cfm?id=1041"}], "active": true, "roles": [{"term": "2017-2018", "district": "42", "chamber": "upper", "state": "pa", "party": "Democratic", "type": "member", "start_date": null, "end_date": null}], "offices": [{"name": "Capitol Office", "fax": "717-772-5484", "phone": "717-787-5300", "email": "fontana@pasenate.com", "address": "Senate Box 203042;Harrisburg, PA 17120-3042;Room:;543 Main Capitol", "type": "capitol"}, {"name": "District Office", "fax": "412-344-3400", "phone": "412-344-2551", "email": "fontana@pasenate.com", "address": "932 Brookline Boulevard;Pittsburgh, PA 15226", "type": "district"}], "old_roles": {}, "middle_name": "", "country": "us", "level": "state", "created_at": "2018-10-18 16:11:24", "updated_at": "2018-12-10 22:10:13"}]