[
    {
      "division_id": "ocd-division/country:us/state:pa/sldl:100",
      "legislators": [
        {
          "leg_id": "PAL000084",
          "full_name": "Bryan Cutler"
        }
      ],
      "name": "100",
      "chamber": "lower",
      "abbr": "pa",
      "boundary_id": "ocd-division/country:us/state:pa/sldl:100",
      "num_seats": 1,
      "id": "pa-lower-100"
    },
    {
      "division_id": "ocd-division/country:us/state:pa/sldl:101",
      "legislators": [
        {
          "leg_id": "PAL000563",
          "full_name": "Francis X. Ryan"
        }
      ],
      "name": "101",
      "chamber": "lower",
      "abbr": "pa",
      "boundary_id": "ocd-division/country:us/state:pa/sldl:101",
      "num_seats": 1,
      "id": "pa-lower-101"
    },
    {
      "division_id": "ocd-division/country:us/state:pa/sldl:10",
      "legislators": [
        {
          "leg_id": "PAL000540",
          "full_name": "Aaron Bernstine"
        }
      ],
      "name": "10",
      "chamber": "lower",
      "abbr": "pa",
      "boundary_id": "ocd-division/country:us/state:pa/sldl:10",
      "num_seats": 1,
      "id": "pa-lower-10"
    },
    {
      "division_id": "ocd-division/country:us/state:pa/sldl:102",
      "legislators": [
        {
          "leg_id": "PAL000482",
          "full_name": "Russ Diamond"
        }
      ],
      "name": "102",
      "chamber": "lower",
      "abbr": "pa",
      "boundary_id": "ocd-division/country:us/state:pa/sldl:102",
      "num_seats": 1,
      "id": "pa-lower-102"
    },
    {
      "division_id": "ocd-division/country:us/state:pa/sldl:103",
      "legislators": [
        {
          "leg_id": "PAL000454",
          "full_name": "Patty Kim"
        }
      ],
      "name": "103",
      "chamber": "lower",
      "abbr": "pa",
      "boundary_id": "ocd-division/country:us/state:pa/sldl:103",
      "num_seats": 1,
      "id": "pa-lower-103"
    },
    {
      "division_id": "ocd-division/country:us/state:pa/sldl:104",
      "legislators": [
        {
          "leg_id": "PAL000131",
          "full_name": "Susan C. Helm"
        }
      ],
      "name": "104",
      "chamber": "lower",
      "abbr": "pa",
      "boundary_id": "ocd-division/country:us/state:pa/sldl:104",
      "num_seats": 1,
      "id": "pa-lower-104"
    },
    {
      "division_id": "ocd-division/country:us/state:pa/sldl:105",
      "legislators": [
        {
          "leg_id": "PAL000161",
          "full_name": "Ron Marsico"
        }
      ],
      "name": "105",
      "chamber": "lower",
      "abbr": "pa",
      "boundary_id": "ocd-division/country:us/state:pa/sldl:105",
      "num_seats": 1,
      "id": "pa-lower-105"
    },
    {
      "division_id": "ocd-division/country:us/state:pa/sldl:106",
      "legislators": [
        {
          "leg_id": "PAL000546",
          "full_name": "Thomas L. Mehaffie"
        }
      ],
      "name": "106",
      "chamber": "lower",
      "abbr": "pa",
      "boundary_id": "ocd-division/country:us/state:pa/sldl:106",
      "num_seats": 1,
      "id": "pa-lower-106"
    },
    {
      "division_id": "ocd-division/country:us/state:pa/sldl:107",
      "legislators": [
        {
          "leg_id": "PAL000292",
          "full_name": "Kurt A. Masser"
        }
      ],
      "name": "107",
      "chamber": "lower",
      "abbr": "pa",
      "boundary_id": "ocd-division/country:us/state:pa/sldl:107",
      "num_seats": 1,
      "id": "pa-lower-107"
    },
    {
      "division_id": "ocd-division/country:us/state:pa/sldl:108",
      "legislators": [
        {
          "leg_id": "PAL000275",
          "full_name": "Lynda Schlegel Culver"
        }
      ],
      "name": "108",
      "chamber": "lower",
      "abbr": "pa",
      "boundary_id": "ocd-division/country:us/state:pa/sldl:108",
      "num_seats": 1,
      "id": "pa-lower-108"
    },
    {
      "division_id": "ocd-division/country:us/state:pa/sldl:109",
      "legislators": [
        {
          "leg_id": "PAL000171",
          "full_name": "David R. Millard"
        }
      ],
      "name": "109",
      "chamber": "lower",
      "abbr": "pa",
      "boundary_id": "ocd-division/country:us/state:pa/sldl:109",
      "num_seats": 1,
      "id": "pa-lower-109"
    },
    {
      "division_id": "ocd-division/country:us/state:pa/sldl:110",
      "legislators": [
        {
          "leg_id": "PAL000197",
          "full_name": "Tina Pickett"
        }
      ],
      "name": "110",
      "chamber": "lower",
      "abbr": "pa",
      "boundary_id": "ocd-division/country:us/state:pa/sldl:110",
      "num_seats": 1,
      "id": "pa-lower-110"
    },
    {
      "division_id": "ocd-division/country:us/state:pa/sldl:111",
      "legislators": [
        {
          "leg_id": "PAL000562",
          "full_name": "Jonathan Fritz"
        }
      ],
      "name": "111",
      "chamber": "lower",
      "abbr": "pa",
      "boundary_id": "ocd-division/country:us/state:pa/sldl:111",
      "num_seats": 1,
      "id": "pa-lower-111"
    },
    {
      "division_id": "ocd-division/country:us/state:pa/sldl:11",
      "legislators": [
        {
          "leg_id": "PAL000098",
          "full_name": "Brian L. Ellis"
        }
      ],
      "name": "11",
      "chamber": "lower",
      "abbr": "pa",
      "boundary_id": "ocd-division/country:us/state:pa/sldl:11",
      "num_seats": 1,
      "id": "pa-lower-11"
    },
    {
      "division_id": "ocd-division/country:us/state:pa/sldl:112",
      "legislators": [
        {
          "leg_id": "PAL000557",
          "full_name": "Kevin Haggerty"
        }
      ],
      "name": "112",
      "chamber": "lower",
      "abbr": "pa",
      "boundary_id": "ocd-division/country:us/state:pa/sldl:112",
      "num_seats": 1,
      "id": "pa-lower-112"
    },
    {
      "division_id": "ocd-division/country:us/state:pa/sldl:113",
      "legislators": [
        {
          "leg_id": "PAL000448",
          "full_name": "Marty Flynn"
        }
      ],
      "name": "113",
      "chamber": "lower",
      "abbr": "pa",
      "boundary_id": "ocd-division/country:us/state:pa/sldl:113",
      "num_seats": 1,
      "id": "pa-lower-113"
    },
    {
      "division_id": "ocd-division/country:us/state:pa/sldl:114",
      "legislators": [
        {
          "leg_id": "PAL000286",
          "full_name": "Sid Michaels Kavulich"
        }
      ],
      "name": "114",
      "chamber": "lower",
      "abbr": "pa",
      "boundary_id": "ocd-division/country:us/state:pa/sldl:114",
      "num_seats": 1,
      "id": "pa-lower-114"
    },
    {
      "division_id": "ocd-division/country:us/state:pa/sldl:115",
      "legislators": [
        {
          "leg_id": "PAL000564",
          "full_name": "Maureen E. Madden"
        }
      ],
      "name": "115",
      "chamber": "lower",
      "abbr": "pa",
      "boundary_id": "ocd-division/country:us/state:pa/sldl:115",
      "num_seats": 1,
      "id": "pa-lower-115"
    },
    {
      "division_id": "ocd-division/country:us/state:pa/sldl:116",
      "legislators": [
        {
          "leg_id": "PAL000299",
          "full_name": "Tarah Toohil"
        }
      ],
      "name": "116",
      "chamber": "lower",
      "abbr": "pa",
      "boundary_id": "ocd-division/country:us/state:pa/sldl:116",
      "num_seats": 1,
      "id": "pa-lower-116"
    },
    {
      "division_id": "ocd-division/country:us/state:pa/sldl:117",
      "legislators": [
        {
          "leg_id": "PAL000060",
          "full_name": "Karen Boback"
        }
      ],
      "name": "117",
      "chamber": "lower",
      "abbr": "pa",
      "boundary_id": "ocd-division/country:us/state:pa/sldl:117",
      "num_seats": 1,
      "id": "pa-lower-117"
    },
    {
      "division_id": "ocd-division/country:us/state:pa/sldl:118",
      "legislators": [
        {
          "leg_id": "PAL000071",
          "full_name": "Mike Carroll"
        }
      ],
      "name": "118",
      "chamber": "lower",
      "abbr": "pa",
      "boundary_id": "ocd-division/country:us/state:pa/sldl:118",
      "num_seats": 1,
      "id": "pa-lower-118"
    },
    {
      "division_id": "ocd-division/country:us/state:pa/sldl:119",
      "legislators": [
        {
          "leg_id": "PAL000293",
          "full_name": "Gerald J. Mullery"
        }
      ],
      "name": "119",
      "chamber": "lower",
      "abbr": "pa",
      "boundary_id": "ocd-division/country:us/state:pa/sldl:119",
      "num_seats": 1,
      "id": "pa-lower-119"
    },
    {
      "division_id": "ocd-division/country:us/state:pa/sldl:1",
      "legislators": [
        {
          "leg_id": "PAL000128",
          "full_name": "Patrick J. Harkins"
        }
      ],
      "name": "1",
      "chamber": "lower",
      "abbr": "pa",
      "boundary_id": "ocd-division/country:us/state:pa/sldl:1",
      "num_seats": 1,
      "id": "pa-lower-1"
    },
    {
      "division_id": "ocd-division/country:us/state:pa/sldl:120",
      "legislators": [
        {
          "leg_id": "PAL000484",
          "full_name": "Aaron D. Kaufer"
        }
      ],
      "name": "120",
      "chamber": "lower",
      "abbr": "pa",
      "boundary_id": "ocd-division/country:us/state:pa/sldl:120",
      "num_seats": 1,
      "id": "pa-lower-120"
    },
    {
      "division_id": "ocd-division/country:us/state:pa/sldl:121",
      "legislators": [
        {
          "leg_id": "PAL000188",
          "full_name": "Eddie Day Pashinski"
        }
      ],
      "name": "121",
      "chamber": "lower",
      "abbr": "pa",
      "boundary_id": "ocd-division/country:us/state:pa/sldl:121",
      "num_seats": 1,
      "id": "pa-lower-121"
    },
    {
      "division_id": "ocd-division/country:us/state:pa/sldl:12",
      "legislators": [
        {
          "leg_id": "PAL000167",
          "full_name": "Daryl D. Metcalfe"
        }
      ],
      "name": "12",
      "chamber": "lower",
      "abbr": "pa",
      "boundary_id": "ocd-division/country:us/state:pa/sldl:12",
      "num_seats": 1,
      "id": "pa-lower-12"
    },
    {
      "division_id": "ocd-division/country:us/state:pa/sldl:122",
      "legislators": [
        {
          "leg_id": "PAL000284",
          "full_name": "Doyle Heffley"
        }
      ],
      "name": "122",
      "chamber": "lower",
      "abbr": "pa",
      "boundary_id": "ocd-division/country:us/state:pa/sldl:122",
      "num_seats": 1,
      "id": "pa-lower-122"
    },
    {
      "division_id": "ocd-division/country:us/state:pa/sldl:123",
      "legislators": [],
      "name": "123",
      "chamber": "lower",
      "abbr": "pa",
      "boundary_id": "ocd-division/country:us/state:pa/sldl:123",
      "num_seats": 1,
      "id": "pa-lower-123"
    },
    {
      "division_id": "ocd-division/country:us/state:pa/sldl:124",
      "legislators": [
        {
          "leg_id": "PAL000146",
          "full_name": "Jerry Knowles"
        }
      ],
      "name": "124",
      "chamber": "lower",
      "abbr": "pa",
      "boundary_id": "ocd-division/country:us/state:pa/sldl:124",
      "num_seats": 1,
      "id": "pa-lower-124"
    },
    {
      "division_id": "ocd-division/country:us/state:pa/sldl:125",
      "legislators": [
        {
          "leg_id": "PAL000298",
          "full_name": "Mike Tobash"
        }
      ],
      "name": "125",
      "chamber": "lower",
      "abbr": "pa",
      "boundary_id": "ocd-division/country:us/state:pa/sldl:125",
      "num_seats": 1,
      "id": "pa-lower-125"
    },
    {
      "division_id": "ocd-division/country:us/state:pa/sldl:126",
      "legislators": [
        {
          "leg_id": "PAL000465",
          "full_name": "Mark Rozzi"
        }
      ],
      "name": "126",
      "chamber": "lower",
      "abbr": "pa",
      "boundary_id": "ocd-division/country:us/state:pa/sldl:126",
      "num_seats": 1,
      "id": "pa-lower-126"
    },
    {
      "division_id": "ocd-division/country:us/state:pa/sldl:127",
      "legislators": [
        {
          "leg_id": "PAL000070",
          "full_name": "Thomas R. Caltagirone"
        }
      ],
      "name": "127",
      "chamber": "lower",
      "abbr": "pa",
      "boundary_id": "ocd-division/country:us/state:pa/sldl:127",
      "num_seats": 1,
      "id": "pa-lower-127"
    },
    {
      "division_id": "ocd-division/country:us/state:pa/sldl:128",
      "legislators": [
        {
          "leg_id": "PAL000281",
          "full_name": "Mark M. Gillen"
        }
      ],
      "name": "128",
      "chamber": "lower",
      "abbr": "pa",
      "boundary_id": "ocd-division/country:us/state:pa/sldl:128",
      "num_seats": 1,
      "id": "pa-lower-128"
    },
    {
      "division_id": "ocd-division/country:us/state:pa/sldl:129",
      "legislators": [
        {
          "leg_id": "PAL000080",
          "full_name": "Jim Cox"
        }
      ],
      "name": "129",
      "chamber": "lower",
      "abbr": "pa",
      "boundary_id": "ocd-division/country:us/state:pa/sldl:129",
      "num_seats": 1,
      "id": "pa-lower-129"
    },
    {
      "division_id": "ocd-division/country:us/state:pa/sldl:130",
      "legislators": [
        {
          "leg_id": "PAL000290",
          "full_name": "David M. Maloney"
        }
      ],
      "name": "130",
      "chamber": "lower",
      "abbr": "pa",
      "boundary_id": "ocd-division/country:us/state:pa/sldl:130",
      "num_seats": 1,
      "id": "pa-lower-130"
    },
    {
      "division_id": "ocd-division/country:us/state:pa/sldl:131",
      "legislators": [
        {
          "leg_id": "PAL000296",
          "full_name": "Justin J. Simmons"
        }
      ],
      "name": "131",
      "chamber": "lower",
      "abbr": "pa",
      "boundary_id": "ocd-division/country:us/state:pa/sldl:131",
      "num_seats": 1,
      "id": "pa-lower-131"
    },
    {
      "division_id": "ocd-division/country:us/state:pa/sldl:13",
      "legislators": [
        {
          "leg_id": "PAL000289",
          "full_name": "John A. Lawrence"
        }
      ],
      "name": "13",
      "chamber": "lower",
      "abbr": "pa",
      "boundary_id": "ocd-division/country:us/state:pa/sldl:13",
      "num_seats": 1,
      "id": "pa-lower-13"
    },
    {
      "division_id": "ocd-division/country:us/state:pa/sldl:132",
      "legislators": [
        {
          "leg_id": "PAL000467",
          "full_name": "Michael H. Schlossberg"
        }
      ],
      "name": "132",
      "chamber": "lower",
      "abbr": "pa",
      "boundary_id": "ocd-division/country:us/state:pa/sldl:132",
      "num_seats": 1,
      "id": "pa-lower-132"
    },
    {
      "division_id": "ocd-division/country:us/state:pa/sldl:133",
      "legislators": [
        {
          "leg_id": "PAL000569",
          "full_name": "Jeanne McNeill"
        }
      ],
      "name": "133",
      "chamber": "lower",
      "abbr": "pa",
      "boundary_id": "ocd-division/country:us/state:pa/sldl:133",
      "num_seats": 1,
      "id": "pa-lower-133"
    },
    {
      "division_id": "ocd-division/country:us/state:pa/sldl:134",
      "legislators": [
        {
          "leg_id": "PAL000376",
          "full_name": "Ryan E. Mackenzie"
        }
      ],
      "name": "134",
      "chamber": "lower",
      "abbr": "pa",
      "boundary_id": "ocd-division/country:us/state:pa/sldl:134",
      "num_seats": 1,
      "id": "pa-lower-134"
    },
    {
      "division_id": "ocd-division/country:us/state:pa/sldl:135",
      "legislators": [
        {
          "leg_id": "PAL000215",
          "full_name": "Steve Samuelson"
        }
      ],
      "name": "135",
      "chamber": "lower",
      "abbr": "pa",
      "boundary_id": "ocd-division/country:us/state:pa/sldl:135",
      "num_seats": 1,
      "id": "pa-lower-135"
    },
    {
      "division_id": "ocd-division/country:us/state:pa/sldl:136",
      "legislators": [
        {
          "leg_id": "PAL000107",
          "full_name": "Robert Freeman"
        }
      ],
      "name": "136",
      "chamber": "lower",
      "abbr": "pa",
      "boundary_id": "ocd-division/country:us/state:pa/sldl:136",
      "num_seats": 1,
      "id": "pa-lower-136"
    },
    {
      "division_id": "ocd-division/country:us/state:pa/sldl:137",
      "legislators": [
        {
          "leg_id": "PAL000279",
          "full_name": "Joe Emrick"
        }
      ],
      "name": "137",
      "chamber": "lower",
      "abbr": "pa",
      "boundary_id": "ocd-division/country:us/state:pa/sldl:137",
      "num_seats": 1,
      "id": "pa-lower-137"
    },
    {
      "division_id": "ocd-division/country:us/state:pa/sldl:138",
      "legislators": [
        {
          "leg_id": "PAL000123",
          "full_name": "Marcia M. Hahn"
        }
      ],
      "name": "138",
      "chamber": "lower",
      "abbr": "pa",
      "boundary_id": "ocd-division/country:us/state:pa/sldl:138",
      "num_seats": 1,
      "id": "pa-lower-138"
    },
    {
      "division_id": "ocd-division/country:us/state:pa/sldl:139",
      "legislators": [
        {
          "leg_id": "PAL000191",
          "full_name": "Michael Peifer"
        }
      ],
      "name": "139",
      "chamber": "lower",
      "abbr": "pa",
      "boundary_id": "ocd-division/country:us/state:pa/sldl:139",
      "num_seats": 1,
      "id": "pa-lower-139"
    },
    {
      "division_id": "ocd-division/country:us/state:pa/sldl:140",
      "legislators": [
        {
          "leg_id": "PAL000110",
          "full_name": "John T. Galloway"
        }
      ],
      "name": "140",
      "chamber": "lower",
      "abbr": "pa",
      "boundary_id": "ocd-division/country:us/state:pa/sldl:140",
      "num_seats": 1,
      "id": "pa-lower-140"
    },
    {
      "division_id": "ocd-division/country:us/state:pa/sldl:141",
      "legislators": [
        {
          "leg_id": "PAL000276",
          "full_name": "Tina M. Davis"
        }
      ],
      "name": "141",
      "chamber": "lower",
      "abbr": "pa",
      "boundary_id": "ocd-division/country:us/state:pa/sldl:141",
      "num_seats": 1,
      "id": "pa-lower-141"
    },
    {
      "division_id": "ocd-division/country:us/state:pa/sldl:14",
      "legislators": [
        {
          "leg_id": "PAL000160",
          "full_name": "Jim Marshall"
        }
      ],
      "name": "14",
      "chamber": "lower",
      "abbr": "pa",
      "boundary_id": "ocd-division/country:us/state:pa/sldl:14",
      "num_seats": 1,
      "id": "pa-lower-14"
    },
    {
      "division_id": "ocd-division/country:us/state:pa/sldl:142",
      "legislators": [
        {
          "leg_id": "PAL000104",
          "full_name": "Frank A. Farry"
        }
      ],
      "name": "142",
      "chamber": "lower",
      "abbr": "pa",
      "boundary_id": "ocd-division/country:us/state:pa/sldl:142",
      "num_seats": 1,
      "id": "pa-lower-142"
    },
    {
      "division_id": "ocd-division/country:us/state:pa/sldl:143",
      "legislators": [
        {
          "leg_id": "PAL000201",
          "full_name": "Marguerite Quinn"
        }
      ],
      "name": "143",
      "chamber": "lower",
      "abbr": "pa",
      "boundary_id": "ocd-division/country:us/state:pa/sldl:143",
      "num_seats": 1,
      "id": "pa-lower-143"
    },
    {
      "division_id": "ocd-division/country:us/state:pa/sldl:144",
      "legislators": [
        {
          "leg_id": "PAL000247",
          "full_name": "Katharine M. Watson"
        }
      ],
      "name": "144",
      "chamber": "lower",
      "abbr": "pa",
      "boundary_id": "ocd-division/country:us/state:pa/sldl:144",
      "num_seats": 1,
      "id": "pa-lower-144"
    },
    {
      "division_id": "ocd-division/country:us/state:pa/sldl:145",
      "legislators": [
        {
          "leg_id": "PAL000506",
          "full_name": "Craig T. Staats"
        }
      ],
      "name": "145",
      "chamber": "lower",
      "abbr": "pa",
      "boundary_id": "ocd-division/country:us/state:pa/sldl:145",
      "num_seats": 1,
      "id": "pa-lower-145"
    },
    {
      "division_id": "ocd-division/country:us/state:pa/sldl:146",
      "legislators": [
        {
          "leg_id": "PAL000200",
          "full_name": "Thomas J. Quigley"
        }
      ],
      "name": "146",
      "chamber": "lower",
      "abbr": "pa",
      "boundary_id": "ocd-division/country:us/state:pa/sldl:146",
      "num_seats": 1,
      "id": "pa-lower-146"
    },
    {
      "division_id": "ocd-division/country:us/state:pa/sldl:147",
      "legislators": [
        {
          "leg_id": "PAL000238",
          "full_name": "Marcy Toepel"
        }
      ],
      "name": "147",
      "chamber": "lower",
      "abbr": "pa",
      "boundary_id": "ocd-division/country:us/state:pa/sldl:147",
      "num_seats": 1,
      "id": "pa-lower-147"
    },
    {
      "division_id": "ocd-division/country:us/state:pa/sldl:148",
      "legislators": [
        {
          "leg_id": "PAL000444",
          "full_name": "Mary Jo Daley"
        }
      ],
      "name": "148",
      "chamber": "lower",
      "abbr": "pa",
      "boundary_id": "ocd-division/country:us/state:pa/sldl:148",
      "num_seats": 1,
      "id": "pa-lower-148"
    },
    {
      "division_id": "ocd-division/country:us/state:pa/sldl:149",
      "legislators": [
        {
          "leg_id": "PAL000065",
          "full_name": "Tim Briggs"
        }
      ],
      "name": "149",
      "chamber": "lower",
      "abbr": "pa",
      "boundary_id": "ocd-division/country:us/state:pa/sldl:149",
      "num_seats": 1,
      "id": "pa-lower-149"
    },
    {
      "division_id": "ocd-division/country:us/state:pa/sldl:150",
      "legislators": [
        {
          "leg_id": "PAL000566",
          "full_name": "Michael N. Corr"
        }
      ],
      "name": "150",
      "chamber": "lower",
      "abbr": "pa",
      "boundary_id": "ocd-division/country:us/state:pa/sldl:150",
      "num_seats": 1,
      "id": "pa-lower-150"
    },
    {
      "division_id": "ocd-division/country:us/state:pa/sldl:151",
      "legislators": [
        {
          "leg_id": "PAL000297",
          "full_name": "Todd Stephens"
        }
      ],
      "name": "151",
      "chamber": "lower",
      "abbr": "pa",
      "boundary_id": "ocd-division/country:us/state:pa/sldl:151",
      "num_seats": 1,
      "id": "pa-lower-151"
    },
    {
      "division_id": "ocd-division/country:us/state:pa/sldl:15",
      "legislators": [
        {
          "leg_id": "PAL000074",
          "full_name": "Jim Christiana"
        }
      ],
      "name": "15",
      "chamber": "lower",
      "abbr": "pa",
      "boundary_id": "ocd-division/country:us/state:pa/sldl:15",
      "num_seats": 1,
      "id": "pa-lower-15"
    },
    {
      "division_id": "ocd-division/country:us/state:pa/sldl:152",
      "legislators": [
        {
          "leg_id": "PAL000178",
          "full_name": "Thomas P. Murt"
        }
      ],
      "name": "152",
      "chamber": "lower",
      "abbr": "pa",
      "boundary_id": "ocd-division/country:us/state:pa/sldl:152",
      "num_seats": 1,
      "id": "pa-lower-152"
    },
    {
      "division_id": "ocd-division/country:us/state:pa/sldl:153",
      "legislators": [
        {
          "leg_id": "PAL000344",
          "full_name": "Madeleine Dean"
        }
      ],
      "name": "153",
      "chamber": "lower",
      "abbr": "pa",
      "boundary_id": "ocd-division/country:us/state:pa/sldl:153",
      "num_seats": 1,
      "id": "pa-lower-153"
    },
    {
      "division_id": "ocd-division/country:us/state:pa/sldl:154",
      "legislators": [
        {
          "leg_id": "PAL000457",
          "full_name": "Stephen McCarter"
        }
      ],
      "name": "154",
      "chamber": "lower",
      "abbr": "pa",
      "boundary_id": "ocd-division/country:us/state:pa/sldl:154",
      "num_seats": 1,
      "id": "pa-lower-154"
    },
    {
      "division_id": "ocd-division/country:us/state:pa/sldl:155",
      "legislators": [
        {
          "leg_id": "PAL000443",
          "full_name": "Becky Corbin"
        }
      ],
      "name": "155",
      "chamber": "lower",
      "abbr": "pa",
      "boundary_id": "ocd-division/country:us/state:pa/sldl:155",
      "num_seats": 1,
      "id": "pa-lower-155"
    },
    {
      "division_id": "ocd-division/country:us/state:pa/sldl:156",
      "legislators": [
        {
          "leg_id": "PAL000565",
          "full_name": "Carolyn T. Comitta"
        }
      ],
      "name": "156",
      "chamber": "lower",
      "abbr": "pa",
      "boundary_id": "ocd-division/country:us/state:pa/sldl:156",
      "num_seats": 1,
      "id": "pa-lower-156"
    },
    {
      "division_id": "ocd-division/country:us/state:pa/sldl:157",
      "legislators": [
        {
          "leg_id": "PAL000285",
          "full_name": "Warren Kampf"
        }
      ],
      "name": "157",
      "chamber": "lower",
      "abbr": "pa",
      "boundary_id": "ocd-division/country:us/state:pa/sldl:157",
      "num_seats": 1,
      "id": "pa-lower-157"
    },
    {
      "division_id": "ocd-division/country:us/state:pa/sldl:158",
      "legislators": [
        {
          "leg_id": "PAL000559",
          "full_name": "Eric Roe"
        }
      ],
      "name": "158",
      "chamber": "lower",
      "abbr": "pa",
      "boundary_id": "ocd-division/country:us/state:pa/sldl:158",
      "num_seats": 1,
      "id": "pa-lower-158"
    },
    {
      "division_id": "ocd-division/country:us/state:pa/sldl:159",
      "legislators": [
        {
          "leg_id": "PAL000553",
          "full_name": "Brian Kirkland"
        }
      ],
      "name": "159",
      "chamber": "lower",
      "abbr": "pa",
      "boundary_id": "ocd-division/country:us/state:pa/sldl:159",
      "num_seats": 1,
      "id": "pa-lower-159"
    },
    {
      "division_id": "ocd-division/country:us/state:pa/sldl:160",
      "legislators": [
        {
          "leg_id": "PAL000054",
          "full_name": "Stephen Barrar"
        }
      ],
      "name": "160",
      "chamber": "lower",
      "abbr": "pa",
      "boundary_id": "ocd-division/country:us/state:pa/sldl:160",
      "num_seats": 1,
      "id": "pa-lower-160"
    },
    {
      "division_id": "ocd-division/country:us/state:pa/sldl:161",
      "legislators": [
        {
          "leg_id": "PAL000527",
          "full_name": "Leanne Krueger-Braneky"
        }
      ],
      "name": "161",
      "chamber": "lower",
      "abbr": "pa",
      "boundary_id": "ocd-division/country:us/state:pa/sldl:161",
      "num_seats": 1,
      "id": "pa-lower-161"
    },
    {
      "division_id": "ocd-division/country:us/state:pa/sldl:16",
      "legislators": [
        {
          "leg_id": "PAL000162",
          "full_name": "Robert F. Matzie"
        }
      ],
      "name": "16",
      "chamber": "lower",
      "abbr": "pa",
      "boundary_id": "ocd-division/country:us/state:pa/sldl:16",
      "num_seats": 1,
      "id": "pa-lower-16"
    },
    {
      "division_id": "ocd-division/country:us/state:pa/sldl:162",
      "legislators": [
        {
          "leg_id": "PAL000504",
          "full_name": "Nick Miccarelli"
        }
      ],
      "name": "162",
      "chamber": "lower",
      "abbr": "pa",
      "boundary_id": "ocd-division/country:us/state:pa/sldl:162",
      "num_seats": 1,
      "id": "pa-lower-162"
    },
    {
      "division_id": "ocd-division/country:us/state:pa/sldl:163",
      "legislators": [
        {
          "leg_id": "PAL000507",
          "full_name": "James R. Santora"
        }
      ],
      "name": "163",
      "chamber": "lower",
      "abbr": "pa",
      "boundary_id": "ocd-division/country:us/state:pa/sldl:163",
      "num_seats": 1,
      "id": "pa-lower-163"
    },
    {
      "division_id": "ocd-division/country:us/state:pa/sldl:164",
      "legislators": [
        {
          "leg_id": "PAL000264",
          "full_name": "Margo L. Davidson"
        }
      ],
      "name": "164",
      "chamber": "lower",
      "abbr": "pa",
      "boundary_id": "ocd-division/country:us/state:pa/sldl:164",
      "num_seats": 1,
      "id": "pa-lower-164"
    },
    {
      "division_id": "ocd-division/country:us/state:pa/sldl:165",
      "legislators": [
        {
          "leg_id": "PAL000547",
          "full_name": "Alexander T. Charlton"
        }
      ],
      "name": "165",
      "chamber": "lower",
      "abbr": "pa",
      "boundary_id": "ocd-division/country:us/state:pa/sldl:165",
      "num_seats": 1,
      "id": "pa-lower-165"
    },
    {
      "division_id": "ocd-division/country:us/state:pa/sldl:166",
      "legislators": [
        {
          "leg_id": "PAL000242",
          "full_name": "Greg Vitali"
        }
      ],
      "name": "166",
      "chamber": "lower",
      "abbr": "pa",
      "boundary_id": "ocd-division/country:us/state:pa/sldl:166",
      "num_seats": 1,
      "id": "pa-lower-166"
    },
    {
      "division_id": "ocd-division/country:us/state:pa/sldl:167",
      "legislators": [
        {
          "leg_id": "PAL000173",
          "full_name": "Duane D. Milne"
        }
      ],
      "name": "167",
      "chamber": "lower",
      "abbr": "pa",
      "boundary_id": "ocd-division/country:us/state:pa/sldl:167",
      "num_seats": 1,
      "id": "pa-lower-167"
    },
    {
      "division_id": "ocd-division/country:us/state:pa/sldl:168",
      "legislators": [
        {
          "leg_id": "PAL000537",
          "full_name": "Christopher B. Quinn"
        }
      ],
      "name": "168",
      "chamber": "lower",
      "abbr": "pa",
      "boundary_id": "ocd-division/country:us/state:pa/sldl:168",
      "num_seats": 1,
      "id": "pa-lower-168"
    },
    {
      "division_id": "ocd-division/country:us/state:pa/sldl:169",
      "legislators": [
        {
          "leg_id": "PAL000483",
          "full_name": "Kate A. Klunk"
        }
      ],
      "name": "169",
      "chamber": "lower",
      "abbr": "pa",
      "boundary_id": "ocd-division/country:us/state:pa/sldl:169",
      "num_seats": 1,
      "id": "pa-lower-169"
    },
    {
      "division_id": "ocd-division/country:us/state:pa/sldl:170",
      "legislators": [
        {
          "leg_id": "PAL000521",
          "full_name": "Martina A. White"
        }
      ],
      "name": "170",
      "chamber": "lower",
      "abbr": "pa",
      "boundary_id": "ocd-division/country:us/state:pa/sldl:170",
      "num_seats": 1,
      "id": "pa-lower-170"
    },
    {
      "division_id": "ocd-division/country:us/state:pa/sldl:171",
      "legislators": [
        {
          "leg_id": "PAL000057",
          "full_name": "Kerry A. Benninghoff"
        }
      ],
      "name": "171",
      "chamber": "lower",
      "abbr": "pa",
      "boundary_id": "ocd-division/country:us/state:pa/sldl:171",
      "num_seats": 1,
      "id": "pa-lower-171"
    },
    {
      "division_id": "ocd-division/country:us/state:pa/sldl:17",
      "legislators": [
        {
          "leg_id": "PAL000505",
          "full_name": "Parke Wentling"
        }
      ],
      "name": "17",
      "chamber": "lower",
      "abbr": "pa",
      "boundary_id": "ocd-division/country:us/state:pa/sldl:17",
      "num_seats": 1,
      "id": "pa-lower-17"
    },
    {
      "division_id": "ocd-division/country:us/state:pa/sldl:172",
      "legislators": [
        {
          "leg_id": "PAL000272",
          "full_name": "Kevin J. Boyle"
        }
      ],
      "name": "172",
      "chamber": "lower",
      "abbr": "pa",
      "boundary_id": "ocd-division/country:us/state:pa/sldl:172",
      "num_seats": 1,
      "id": "pa-lower-172"
    },
    {
      "division_id": "ocd-division/country:us/state:pa/sldl:173",
      "legislators": [
        {
          "leg_id": "PAL000510",
          "full_name": "Michael J. Driscoll"
        }
      ],
      "name": "173",
      "chamber": "lower",
      "abbr": "pa",
      "boundary_id": "ocd-division/country:us/state:pa/sldl:173",
      "num_seats": 1,
      "id": "pa-lower-173"
    },
    {
      "division_id": "ocd-division/country:us/state:pa/sldl:174",
      "legislators": [
        {
          "leg_id": "PAL000528",
          "full_name": "Ed Neilson"
        }
      ],
      "name": "174",
      "chamber": "lower",
      "abbr": "pa",
      "boundary_id": "ocd-division/country:us/state:pa/sldl:174",
      "num_seats": 1,
      "id": "pa-lower-174"
    },
    {
      "division_id": "ocd-division/country:us/state:pa/sldl:175",
      "legislators": [
        {
          "leg_id": "PAL000182",
          "full_name": "Michael H. O'Brien"
        }
      ],
      "name": "175",
      "chamber": "lower",
      "abbr": "pa",
      "boundary_id": "ocd-division/country:us/state:pa/sldl:175",
      "num_seats": 1,
      "id": "pa-lower-175"
    },
    {
      "division_id": "ocd-division/country:us/state:pa/sldl:176",
      "legislators": [
        {
          "leg_id": "PAL000488",
          "full_name": "Jack Rader"
        }
      ],
      "name": "176",
      "chamber": "lower",
      "abbr": "pa",
      "boundary_id": "ocd-division/country:us/state:pa/sldl:176",
      "num_seats": 1,
      "id": "pa-lower-176"
    },
    {
      "division_id": "ocd-division/country:us/state:pa/sldl:177",
      "legislators": [
        {
          "leg_id": "PAL000235",
          "full_name": "John Taylor"
        }
      ],
      "name": "177",
      "chamber": "lower",
      "abbr": "pa",
      "boundary_id": "ocd-division/country:us/state:pa/sldl:177",
      "num_seats": 1,
      "id": "pa-lower-177"
    },
    {
      "division_id": "ocd-division/country:us/state:pa/sldl:178",
      "legislators": [
        {
          "leg_id": "PAL000572",
          "full_name": "Helen Tai"
        }
      ],
      "name": "178",
      "chamber": "lower",
      "abbr": "pa",
      "boundary_id": "ocd-division/country:us/state:pa/sldl:178",
      "num_seats": 1,
      "id": "pa-lower-178"
    },
    {
      "division_id": "ocd-division/country:us/state:pa/sldl:179",
      "legislators": [
        {
          "leg_id": "PAL000511",
          "full_name": "Jason Dawkins"
        }
      ],
      "name": "179",
      "chamber": "lower",
      "abbr": "pa",
      "boundary_id": "ocd-division/country:us/state:pa/sldl:179",
      "num_seats": 1,
      "id": "pa-lower-179"
    },
    {
      "division_id": "ocd-division/country:us/state:pa/sldl:180",
      "legislators": [
        {
          "leg_id": "PAL000082",
          "full_name": "Angel Cruz"
        }
      ],
      "name": "180",
      "chamber": "lower",
      "abbr": "pa",
      "boundary_id": "ocd-division/country:us/state:pa/sldl:180",
      "num_seats": 1,
      "id": "pa-lower-180"
    },
    {
      "division_id": "ocd-division/country:us/state:pa/sldl:181",
      "legislators": [
        {
          "leg_id": "PAL000237",
          "full_name": "W. Curtis Thomas"
        }
      ],
      "name": "181",
      "chamber": "lower",
      "abbr": "pa",
      "boundary_id": "ocd-division/country:us/state:pa/sldl:181",
      "num_seats": 1,
      "id": "pa-lower-181"
    },
    {
      "division_id": "ocd-division/country:us/state:pa/sldl:18",
      "legislators": [
        {
          "leg_id": "PAL000094",
          "full_name": "Gene DiGirolamo"
        }
      ],
      "name": "18",
      "chamber": "lower",
      "abbr": "pa",
      "boundary_id": "ocd-division/country:us/state:pa/sldl:18",
      "num_seats": 1,
      "id": "pa-lower-18"
    },
    {
      "division_id": "ocd-division/country:us/state:pa/sldl:182",
      "legislators": [
        {
          "leg_id": "PAL000468",
          "full_name": "Brian Sims"
        }
      ],
      "name": "182",
      "chamber": "lower",
      "abbr": "pa",
      "boundary_id": "ocd-division/country:us/state:pa/sldl:182",
      "num_seats": 1,
      "id": "pa-lower-182"
    },
    {
      "division_id": "ocd-division/country:us/state:pa/sldl:183",
      "legislators": [
        {
          "leg_id": "PAL000548",
          "full_name": "Zachary Mako"
        }
      ],
      "name": "183",
      "chamber": "lower",
      "abbr": "pa",
      "boundary_id": "ocd-division/country:us/state:pa/sldl:183",
      "num_seats": 1,
      "id": "pa-lower-183"
    },
    {
      "division_id": "ocd-division/country:us/state:pa/sldl:184",
      "legislators": [
        {
          "leg_id": "PAL000142",
          "full_name": "William F. Keller"
        }
      ],
      "name": "184",
      "chamber": "lower",
      "abbr": "pa",
      "boundary_id": "ocd-division/country:us/state:pa/sldl:184",
      "num_seats": 1,
      "id": "pa-lower-184"
    },
    {
      "division_id": "ocd-division/country:us/state:pa/sldl:185",
      "legislators": [
        {
          "leg_id": "PAL000303",
          "full_name": "Maria P. Donatucci"
        }
      ],
      "name": "185",
      "chamber": "lower",
      "abbr": "pa",
      "boundary_id": "ocd-division/country:us/state:pa/sldl:185",
      "num_seats": 1,
      "id": "pa-lower-185"
    },
    {
      "division_id": "ocd-division/country:us/state:pa/sldl:186",
      "legislators": [
        {
          "leg_id": "PAL000452",
          "full_name": "Jordan A. Harris"
        }
      ],
      "name": "186",
      "chamber": "lower",
      "abbr": "pa",
      "boundary_id": "ocd-division/country:us/state:pa/sldl:186",
      "num_seats": 1,
      "id": "pa-lower-186"
    },
    {
      "division_id": "ocd-division/country:us/state:pa/sldl:187",
      "legislators": [
        {
          "leg_id": "PAL000086",
          "full_name": "Gary Day"
        }
      ],
      "name": "187",
      "chamber": "lower",
      "abbr": "pa",
      "boundary_id": "ocd-division/country:us/state:pa/sldl:187",
      "num_seats": 1,
      "id": "pa-lower-187"
    },
    {
      "division_id": "ocd-division/country:us/state:pa/sldl:188",
      "legislators": [
        {
          "leg_id": "PAL000210",
          "full_name": "James R. Roebuck"
        }
      ],
      "name": "188",
      "chamber": "lower",
      "abbr": "pa",
      "boundary_id": "ocd-division/country:us/state:pa/sldl:188",
      "num_seats": 1,
      "id": "pa-lower-188"
    },
    {
      "division_id": "ocd-division/country:us/state:pa/sldl:189",
      "legislators": [
        {
          "leg_id": "PAL000273",
          "full_name": "Rosemary M. Brown"
        }
      ],
      "name": "189",
      "chamber": "lower",
      "abbr": "pa",
      "boundary_id": "ocd-division/country:us/state:pa/sldl:189",
      "num_seats": 1,
      "id": "pa-lower-189"
    },
    {
      "division_id": "ocd-division/country:us/state:pa/sldl:190",
      "legislators": [
        {
          "leg_id": "PAL000067",
          "full_name": "Vanessa Lowery Brown"
        }
      ],
      "name": "190",
      "chamber": "lower",
      "abbr": "pa",
      "boundary_id": "ocd-division/country:us/state:pa/sldl:190",
      "num_seats": 1,
      "id": "pa-lower-190"
    },
    {
      "division_id": "ocd-division/country:us/state:pa/sldl:191",
      "legislators": [
        {
          "leg_id": "PAL000526",
          "full_name": "Joanna E. McClinton"
        }
      ],
      "name": "191",
      "chamber": "lower",
      "abbr": "pa",
      "boundary_id": "ocd-division/country:us/state:pa/sldl:191",
      "num_seats": 1,
      "id": "pa-lower-191"
    },
    {
      "division_id": "ocd-division/country:us/state:pa/sldl:19",
      "legislators": [
        {
          "leg_id": "PAL000248",
          "full_name": "Jake Wheatley"
        }
      ],
      "name": "19",
      "chamber": "lower",
      "abbr": "pa",
      "boundary_id": "ocd-division/country:us/state:pa/sldl:19",
      "num_seats": 1,
      "id": "pa-lower-19"
    },
    {
      "division_id": "ocd-division/country:us/state:pa/sldl:192",
      "legislators": [
        {
          "leg_id": "PAL000561",
          "full_name": "Morgan Cephas"
        }
      ],
      "name": "192",
      "chamber": "lower",
      "abbr": "pa",
      "boundary_id": "ocd-division/country:us/state:pa/sldl:192",
      "num_seats": 1,
      "id": "pa-lower-192"
    },
    {
      "division_id": "ocd-division/country:us/state:pa/sldl:193",
      "legislators": [
        {
          "leg_id": "PAL000234",
          "full_name": "Will Tallman"
        }
      ],
      "name": "193",
      "chamber": "lower",
      "abbr": "pa",
      "boundary_id": "ocd-division/country:us/state:pa/sldl:193",
      "num_seats": 1,
      "id": "pa-lower-193"
    },
    {
      "division_id": "ocd-division/country:us/state:pa/sldl:194",
      "legislators": [
        {
          "leg_id": "PAL000277",
          "full_name": "Pamela A. DeLissio"
        }
      ],
      "name": "194",
      "chamber": "lower",
      "abbr": "pa",
      "boundary_id": "ocd-division/country:us/state:pa/sldl:194",
      "num_seats": 1,
      "id": "pa-lower-194"
    },
    {
      "division_id": "ocd-division/country:us/state:pa/sldl:195",
      "legislators": [
        {
          "leg_id": "PAL000525",
          "full_name": "Donna Bullock"
        }
      ],
      "name": "195",
      "chamber": "lower",
      "abbr": "pa",
      "boundary_id": "ocd-division/country:us/state:pa/sldl:195",
      "num_seats": 1,
      "id": "pa-lower-195"
    },
    {
      "division_id": "ocd-division/country:us/state:pa/sldl:196",
      "legislators": [
        {
          "leg_id": "PAL000121",
          "full_name": "Seth M. Grove"
        }
      ],
      "name": "196",
      "chamber": "lower",
      "abbr": "pa",
      "boundary_id": "ocd-division/country:us/state:pa/sldl:196",
      "num_seats": 1,
      "id": "pa-lower-196"
    },
    {
      "division_id": "ocd-division/country:us/state:pa/sldl:197",
      "legislators": [
        {
          "leg_id": "PAL000567",
          "full_name": "Emilio A. Vazquez"
        }
      ],
      "name": "197",
      "chamber": "lower",
      "abbr": "pa",
      "boundary_id": "ocd-division/country:us/state:pa/sldl:197",
      "num_seats": 1,
      "id": "pa-lower-197"
    },
    {
      "division_id": "ocd-division/country:us/state:pa/sldl:198",
      "legislators": [
        {
          "leg_id": "PAL000251",
          "full_name": "Rosita C. Youngblood"
        }
      ],
      "name": "198",
      "chamber": "lower",
      "abbr": "pa",
      "boundary_id": "ocd-division/country:us/state:pa/sldl:198",
      "num_seats": 1,
      "id": "pa-lower-198"
    },
    {
      "division_id": "ocd-division/country:us/state:pa/sldl:199",
      "legislators": [
        {
          "leg_id": "PAL000271",
          "full_name": "Stephen Bloom"
        }
      ],
      "name": "199",
      "chamber": "lower",
      "abbr": "pa",
      "boundary_id": "ocd-division/country:us/state:pa/sldl:199",
      "num_seats": 1,
      "id": "pa-lower-199"
    },
    {
      "division_id": "ocd-division/country:us/state:pa/sldl:200",
      "legislators": [
        {
          "leg_id": "PAL000551",
          "full_name": "Christopher M. Rabb"
        }
      ],
      "name": "200",
      "chamber": "lower",
      "abbr": "pa",
      "boundary_id": "ocd-division/country:us/state:pa/sldl:200",
      "num_seats": 1,
      "id": "pa-lower-200"
    },
    {
      "division_id": "ocd-division/country:us/state:pa/sldl:201",
      "legislators": [
        {
          "leg_id": "PAL000455",
          "full_name": "Stephen Kinsey"
        }
      ],
      "name": "201",
      "chamber": "lower",
      "abbr": "pa",
      "boundary_id": "ocd-division/country:us/state:pa/sldl:201",
      "num_seats": 1,
      "id": "pa-lower-201"
    },
    {
      "division_id": "ocd-division/country:us/state:pa/sldl:20",
      "legislators": [
        {
          "leg_id": "PAL000203",
          "full_name": "Adam Ravenstahl"
        }
      ],
      "name": "20",
      "chamber": "lower",
      "abbr": "pa",
      "boundary_id": "ocd-division/country:us/state:pa/sldl:20",
      "num_seats": 1,
      "id": "pa-lower-20"
    },
    {
      "division_id": "ocd-division/country:us/state:pa/sldl:202",
      "legislators": [
        {
          "leg_id": "PAL000558",
          "full_name": "Jared G. Solomon"
        }
      ],
      "name": "202",
      "chamber": "lower",
      "abbr": "pa",
      "boundary_id": "ocd-division/country:us/state:pa/sldl:202",
      "num_seats": 1,
      "id": "pa-lower-202"
    },
    {
      "division_id": "ocd-division/country:us/state:pa/sldl:203",
      "legislators": [
        {
          "leg_id": "PAL000541",
          "full_name": "Isabella V. Fitzgerald"
        }
      ],
      "name": "203",
      "chamber": "lower",
      "abbr": "pa",
      "boundary_id": "ocd-division/country:us/state:pa/sldl:203",
      "num_seats": 1,
      "id": "pa-lower-203"
    },
    {
      "division_id": "ocd-division/country:us/state:pa/sldl:21",
      "legislators": [
        {
          "leg_id": "PAL000078",
          "full_name": "Dom Costa"
        }
      ],
      "name": "21",
      "chamber": "lower",
      "abbr": "pa",
      "boundary_id": "ocd-division/country:us/state:pa/sldl:21",
      "num_seats": 1,
      "id": "pa-lower-21"
    },
    {
      "division_id": "ocd-division/country:us/state:pa/sldl:2",
      "legislators": [],
      "name": "2",
      "chamber": "lower",
      "abbr": "pa",
      "boundary_id": "ocd-division/country:us/state:pa/sldl:2",
      "num_seats": 1,
      "id": "pa-lower-2"
    },
    {
      "division_id": "ocd-division/country:us/state:pa/sldl:22",
      "legislators": [
        {
          "leg_id": "PAL000497",
          "full_name": "Peter Schweyer"
        }
      ],
      "name": "22",
      "chamber": "lower",
      "abbr": "pa",
      "boundary_id": "ocd-division/country:us/state:pa/sldl:22",
      "num_seats": 1,
      "id": "pa-lower-22"
    },
    {
      "division_id": "ocd-division/country:us/state:pa/sldl:23",
      "legislators": [
        {
          "leg_id": "PAL000106",
          "full_name": "Dan Frankel"
        }
      ],
      "name": "23",
      "chamber": "lower",
      "abbr": "pa",
      "boundary_id": "ocd-division/country:us/state:pa/sldl:23",
      "num_seats": 1,
      "id": "pa-lower-23"
    },
    {
      "division_id": "ocd-division/country:us/state:pa/sldl:24",
      "legislators": [
        {
          "leg_id": "PAL000449",
          "full_name": "Ed Gainey"
        }
      ],
      "name": "24",
      "chamber": "lower",
      "abbr": "pa",
      "boundary_id": "ocd-division/country:us/state:pa/sldl:24",
      "num_seats": 1,
      "id": "pa-lower-24"
    },
    {
      "division_id": "ocd-division/country:us/state:pa/sldl:25",
      "legislators": [
        {
          "leg_id": "PAL000159",
          "full_name": "Joseph F. Markosek"
        }
      ],
      "name": "25",
      "chamber": "lower",
      "abbr": "pa",
      "boundary_id": "ocd-division/country:us/state:pa/sldl:25",
      "num_seats": 1,
      "id": "pa-lower-25"
    },
    {
      "division_id": "ocd-division/country:us/state:pa/sldl:26",
      "legislators": [
        {
          "leg_id": "PAL000132",
          "full_name": "Tim Hennessey"
        }
      ],
      "name": "26",
      "chamber": "lower",
      "abbr": "pa",
      "boundary_id": "ocd-division/country:us/state:pa/sldl:26",
      "num_seats": 1,
      "id": "pa-lower-26"
    },
    {
      "division_id": "ocd-division/country:us/state:pa/sldl:27",
      "legislators": [
        {
          "leg_id": "PAL000090",
          "full_name": "Daniel J. Deasy"
        }
      ],
      "name": "27",
      "chamber": "lower",
      "abbr": "pa",
      "boundary_id": "ocd-division/country:us/state:pa/sldl:27",
      "num_seats": 1,
      "id": "pa-lower-27"
    },
    {
      "division_id": "ocd-division/country:us/state:pa/sldl:28",
      "legislators": [
        {
          "leg_id": "PAL000240",
          "full_name": "Mike Turzai"
        }
      ],
      "name": "28",
      "chamber": "lower",
      "abbr": "pa",
      "boundary_id": "ocd-division/country:us/state:pa/sldl:28",
      "num_seats": 1,
      "id": "pa-lower-28"
    },
    {
      "division_id": "ocd-division/country:us/state:pa/sldl:29",
      "legislators": [
        {
          "leg_id": "PAL000183",
          "full_name": "Bernie O'Neill"
        }
      ],
      "name": "29",
      "chamber": "lower",
      "abbr": "pa",
      "boundary_id": "ocd-division/country:us/state:pa/sldl:29",
      "num_seats": 1,
      "id": "pa-lower-29"
    },
    {
      "division_id": "ocd-division/country:us/state:pa/sldl:30",
      "legislators": [
        {
          "leg_id": "PAL000445",
          "full_name": "Harold A. English"
        }
      ],
      "name": "30",
      "chamber": "lower",
      "abbr": "pa",
      "boundary_id": "ocd-division/country:us/state:pa/sldl:30",
      "num_seats": 1,
      "id": "pa-lower-30"
    },
    {
      "division_id": "ocd-division/country:us/state:pa/sldl:31",
      "legislators": [
        {
          "leg_id": "PAL000555",
          "full_name": "Perry S. Warren"
        }
      ],
      "name": "31",
      "chamber": "lower",
      "abbr": "pa",
      "boundary_id": "ocd-division/country:us/state:pa/sldl:31",
      "num_seats": 1,
      "id": "pa-lower-31"
    },
    {
      "division_id": "ocd-division/country:us/state:pa/sldl:3",
      "legislators": [
        {
          "leg_id": "PAL000441",
          "full_name": "Ryan A. Bizzarro"
        }
      ],
      "name": "3",
      "chamber": "lower",
      "abbr": "pa",
      "boundary_id": "ocd-division/country:us/state:pa/sldl:3",
      "num_seats": 1,
      "id": "pa-lower-3"
    },
    {
      "division_id": "ocd-division/country:us/state:pa/sldl:32",
      "legislators": [
        {
          "leg_id": "PAL000087",
          "full_name": "Anthony M. DeLuca"
        }
      ],
      "name": "32",
      "chamber": "lower",
      "abbr": "pa",
      "boundary_id": "ocd-division/country:us/state:pa/sldl:32",
      "num_seats": 1,
      "id": "pa-lower-32"
    },
    {
      "division_id": "ocd-division/country:us/state:pa/sldl:33",
      "legislators": [
        {
          "leg_id": "PAL000093",
          "full_name": "Frank Dermody"
        }
      ],
      "name": "33",
      "chamber": "lower",
      "abbr": "pa",
      "boundary_id": "ocd-division/country:us/state:pa/sldl:33",
      "num_seats": 1,
      "id": "pa-lower-33"
    },
    {
      "division_id": "ocd-division/country:us/state:pa/sldl:34",
      "legislators": [
        {
          "leg_id": "PAL000079",
          "full_name": "Paul Costa"
        }
      ],
      "name": "34",
      "chamber": "lower",
      "abbr": "pa",
      "boundary_id": "ocd-division/country:us/state:pa/sldl:34",
      "num_seats": 1,
      "id": "pa-lower-34"
    },
    {
      "division_id": "ocd-division/country:us/state:pa/sldl:35",
      "legislators": [
        {
          "leg_id": "PAL000570",
          "full_name": "Austin A. Davis"
        }
      ],
      "name": "35",
      "chamber": "lower",
      "abbr": "pa",
      "boundary_id": "ocd-division/country:us/state:pa/sldl:35",
      "num_seats": 1,
      "id": "pa-lower-35"
    },
    {
      "division_id": "ocd-division/country:us/state:pa/sldl:36",
      "legislators": [
        {
          "leg_id": "PAL000204",
          "full_name": "Harry Readshaw"
        }
      ],
      "name": "36",
      "chamber": "lower",
      "abbr": "pa",
      "boundary_id": "ocd-division/country:us/state:pa/sldl:36",
      "num_seats": 1,
      "id": "pa-lower-36"
    },
    {
      "division_id": "ocd-division/country:us/state:pa/sldl:37",
      "legislators": [
        {
          "leg_id": "PAL000447",
          "full_name": "Mindy Fee"
        }
      ],
      "name": "37",
      "chamber": "lower",
      "abbr": "pa",
      "boundary_id": "ocd-division/country:us/state:pa/sldl:37",
      "num_seats": 1,
      "id": "pa-lower-37"
    },
    {
      "division_id": "ocd-division/country:us/state:pa/sldl:38",
      "legislators": [
        {
          "leg_id": "PAL000147",
          "full_name": "William C. Kortz"
        }
      ],
      "name": "38",
      "chamber": "lower",
      "abbr": "pa",
      "boundary_id": "ocd-division/country:us/state:pa/sldl:38",
      "num_seats": 1,
      "id": "pa-lower-38"
    },
    {
      "division_id": "ocd-division/country:us/state:pa/sldl:39",
      "legislators": [
        {
          "leg_id": "PAL000295",
          "full_name": "Rick Saccone"
        }
      ],
      "name": "39",
      "chamber": "lower",
      "abbr": "pa",
      "boundary_id": "ocd-division/country:us/state:pa/sldl:39",
      "num_seats": 1,
      "id": "pa-lower-39"
    },
    {
      "division_id": "ocd-division/country:us/state:pa/sldl:40",
      "legislators": [
        {
          "leg_id": "PAL000154",
          "full_name": "John Maher"
        }
      ],
      "name": "40",
      "chamber": "lower",
      "abbr": "pa",
      "boundary_id": "ocd-division/country:us/state:pa/sldl:40",
      "num_seats": 1,
      "id": "pa-lower-40"
    },
    {
      "division_id": "ocd-division/country:us/state:pa/sldl:41",
      "legislators": [
        {
          "leg_id": "PAL000517",
          "full_name": "Brett R. Miller"
        }
      ],
      "name": "41",
      "chamber": "lower",
      "abbr": "pa",
      "boundary_id": "ocd-division/country:us/state:pa/sldl:41",
      "num_seats": 1,
      "id": "pa-lower-41"
    },
    {
      "division_id": "ocd-division/country:us/state:pa/sldl:4",
      "legislators": [
        {
          "leg_id": "PAL000228",
          "full_name": "Curtis G. Sonney"
        }
      ],
      "name": "4",
      "chamber": "lower",
      "abbr": "pa",
      "boundary_id": "ocd-division/country:us/state:pa/sldl:4",
      "num_seats": 1,
      "id": "pa-lower-4"
    },
    {
      "division_id": "ocd-division/country:us/state:pa/sldl:42",
      "legislators": [
        {
          "leg_id": "PAL000515",
          "full_name": "Dan L. Miller"
        }
      ],
      "name": "42",
      "chamber": "lower",
      "abbr": "pa",
      "boundary_id": "ocd-division/country:us/state:pa/sldl:42",
      "num_seats": 1,
      "id": "pa-lower-42"
    },
    {
      "division_id": "ocd-division/country:us/state:pa/sldl:43",
      "legislators": [
        {
          "leg_id": "PAL000450",
          "full_name": "Keith J. Greiner"
        }
      ],
      "name": "43",
      "chamber": "lower",
      "abbr": "pa",
      "boundary_id": "ocd-division/country:us/state:pa/sldl:43",
      "num_seats": 1,
      "id": "pa-lower-43"
    },
    {
      "division_id": "ocd-division/country:us/state:pa/sldl:44",
      "legislators": [
        {
          "leg_id": "PAL000179",
          "full_name": "Mark Mustio"
        }
      ],
      "name": "44",
      "chamber": "lower",
      "abbr": "pa",
      "boundary_id": "ocd-division/country:us/state:pa/sldl:44",
      "num_seats": 1,
      "id": "pa-lower-44"
    },
    {
      "division_id": "ocd-division/country:us/state:pa/sldl:45",
      "legislators": [
        {
          "leg_id": "PAL000538",
          "full_name": "Anita Astorino Kulik"
        }
      ],
      "name": "45",
      "chamber": "lower",
      "abbr": "pa",
      "boundary_id": "ocd-division/country:us/state:pa/sldl:45",
      "num_seats": 1,
      "id": "pa-lower-45"
    },
    {
      "division_id": "ocd-division/country:us/state:pa/sldl:46",
      "legislators": [
        {
          "leg_id": "PAL000492",
          "full_name": "Jason Ortitay"
        }
      ],
      "name": "46",
      "chamber": "lower",
      "abbr": "pa",
      "boundary_id": "ocd-division/country:us/state:pa/sldl:46",
      "num_seats": 1,
      "id": "pa-lower-46"
    },
    {
      "division_id": "ocd-division/country:us/state:pa/sldl:47",
      "legislators": [
        {
          "leg_id": "PAL000116",
          "full_name": "Keith Gillespie"
        }
      ],
      "name": "47",
      "chamber": "lower",
      "abbr": "pa",
      "boundary_id": "ocd-division/country:us/state:pa/sldl:47",
      "num_seats": 1,
      "id": "pa-lower-47"
    },
    {
      "division_id": "ocd-division/country:us/state:pa/sldl:48",
      "legislators": [
        {
          "leg_id": "PAL000573",
          "full_name": "Timothy J. O'Neal"
        }
      ],
      "name": "48",
      "chamber": "lower",
      "abbr": "pa",
      "boundary_id": "ocd-division/country:us/state:pa/sldl:48",
      "num_seats": 1,
      "id": "pa-lower-48"
    },
    {
      "division_id": "ocd-division/country:us/state:pa/sldl:49",
      "legislators": [
        {
          "leg_id": "PAL000543",
          "full_name": "Bud Cook"
        }
      ],
      "name": "49",
      "chamber": "lower",
      "abbr": "pa",
      "boundary_id": "ocd-division/country:us/state:pa/sldl:49",
      "num_seats": 1,
      "id": "pa-lower-49"
    },
    {
      "division_id": "ocd-division/country:us/state:pa/sldl:50",
      "legislators": [
        {
          "leg_id": "PAL000469",
          "full_name": "Pam Snyder"
        }
      ],
      "name": "50",
      "chamber": "lower",
      "abbr": "pa",
      "boundary_id": "ocd-division/country:us/state:pa/sldl:50",
      "num_seats": 1,
      "id": "pa-lower-50"
    },
    {
      "division_id": "ocd-division/country:us/state:pa/sldl:51",
      "legislators": [
        {
          "leg_id": "PAL000542",
          "full_name": "Matthew D. Dowling"
        }
      ],
      "name": "51",
      "chamber": "lower",
      "abbr": "pa",
      "boundary_id": "ocd-division/country:us/state:pa/sldl:51",
      "num_seats": 1,
      "id": "pa-lower-51"
    },
    {
      "division_id": "ocd-division/country:us/state:pa/sldl:5",
      "legislators": [
        {
          "leg_id": "PAL000516",
          "full_name": "Barry J. Jozwiak"
        }
      ],
      "name": "5",
      "chamber": "lower",
      "abbr": "pa",
      "boundary_id": "ocd-division/country:us/state:pa/sldl:5",
      "num_seats": 1,
      "id": "pa-lower-5"
    },
    {
      "division_id": "ocd-division/country:us/state:pa/sldl:52",
      "legislators": [
        {
          "leg_id": "PAL000487",
          "full_name": "Ryan Warner"
        }
      ],
      "name": "52",
      "chamber": "lower",
      "abbr": "pa",
      "boundary_id": "ocd-division/country:us/state:pa/sldl:52",
      "num_seats": 1,
      "id": "pa-lower-52"
    },
    {
      "division_id": "ocd-division/country:us/state:pa/sldl:53",
      "legislators": [
        {
          "leg_id": "PAL000118",
          "full_name": "Robert W. Godshall"
        }
      ],
      "name": "53",
      "chamber": "lower",
      "abbr": "pa",
      "boundary_id": "ocd-division/country:us/state:pa/sldl:53",
      "num_seats": 1,
      "id": "pa-lower-53"
    },
    {
      "division_id": "ocd-division/country:us/state:pa/sldl:54",
      "legislators": [],
      "name": "54",
      "chamber": "lower",
      "abbr": "pa",
      "boundary_id": "ocd-division/country:us/state:pa/sldl:54",
      "num_seats": 1,
      "id": "pa-lower-54"
    },
    {
      "division_id": "ocd-division/country:us/state:pa/sldl:55",
      "legislators": [
        {
          "leg_id": "PAL000194",
          "full_name": "Joseph A. Petrarca"
        }
      ],
      "name": "55",
      "chamber": "lower",
      "abbr": "pa",
      "boundary_id": "ocd-division/country:us/state:pa/sldl:55",
      "num_seats": 1,
      "id": "pa-lower-55"
    },
    {
      "division_id": "ocd-division/country:us/state:pa/sldl:56",
      "legislators": [
        {
          "leg_id": "PAL000278",
          "full_name": "George Dunbar"
        }
      ],
      "name": "56",
      "chamber": "lower",
      "abbr": "pa",
      "boundary_id": "ocd-division/country:us/state:pa/sldl:56",
      "num_seats": 1,
      "id": "pa-lower-56"
    },
    {
      "division_id": "ocd-division/country:us/state:pa/sldl:57",
      "legislators": [
        {
          "leg_id": "PAL000533",
          "full_name": "Eric R. Nelson"
        }
      ],
      "name": "57",
      "chamber": "lower",
      "abbr": "pa",
      "boundary_id": "ocd-division/country:us/state:pa/sldl:57",
      "num_seats": 1,
      "id": "pa-lower-57"
    },
    {
      "division_id": "ocd-division/country:us/state:pa/sldl:58",
      "legislators": [
        {
          "leg_id": "PAL000550",
          "full_name": "Justin M. Walsh"
        }
      ],
      "name": "58",
      "chamber": "lower",
      "abbr": "pa",
      "boundary_id": "ocd-division/country:us/state:pa/sldl:58",
      "num_seats": 1,
      "id": "pa-lower-58"
    },
    {
      "division_id": "ocd-division/country:us/state:pa/sldl:59",
      "legislators": [
        {
          "leg_id": "PAL000206",
          "full_name": "Mike Reese"
        }
      ],
      "name": "59",
      "chamber": "lower",
      "abbr": "pa",
      "boundary_id": "ocd-division/country:us/state:pa/sldl:59",
      "num_seats": 1,
      "id": "pa-lower-59"
    },
    {
      "division_id": "ocd-division/country:us/state:pa/sldl:60",
      "legislators": [
        {
          "leg_id": "PAL000199",
          "full_name": "Jeffrey P. Pyle"
        }
      ],
      "name": "60",
      "chamber": "lower",
      "abbr": "pa",
      "boundary_id": "ocd-division/country:us/state:pa/sldl:60",
      "num_seats": 1,
      "id": "pa-lower-60"
    },
    {
      "division_id": "ocd-division/country:us/state:pa/sldl:61",
      "legislators": [
        {
          "leg_id": "PAL000129",
          "full_name": "Kate Harper"
        }
      ],
      "name": "61",
      "chamber": "lower",
      "abbr": "pa",
      "boundary_id": "ocd-division/country:us/state:pa/sldl:61",
      "num_seats": 1,
      "id": "pa-lower-61"
    },
    {
      "division_id": "ocd-division/country:us/state:pa/sldl:6",
      "legislators": [
        {
          "leg_id": "PAL000208",
          "full_name": "Brad Roae"
        }
      ],
      "name": "6",
      "chamber": "lower",
      "abbr": "pa",
      "boundary_id": "ocd-division/country:us/state:pa/sldl:6",
      "num_seats": 1,
      "id": "pa-lower-6"
    },
    {
      "division_id": "ocd-division/country:us/state:pa/sldl:62",
      "legislators": [
        {
          "leg_id": "PAL000205",
          "full_name": "Dave Reed"
        }
      ],
      "name": "62",
      "chamber": "lower",
      "abbr": "pa",
      "boundary_id": "ocd-division/country:us/state:pa/sldl:62",
      "num_seats": 1,
      "id": "pa-lower-62"
    },
    {
      "division_id": "ocd-division/country:us/state:pa/sldl:63",
      "legislators": [
        {
          "leg_id": "PAL000184",
          "full_name": "Donna Oberlander"
        }
      ],
      "name": "63",
      "chamber": "lower",
      "abbr": "pa",
      "boundary_id": "ocd-division/country:us/state:pa/sldl:63",
      "num_seats": 1,
      "id": "pa-lower-63"
    },
    {
      "division_id": "ocd-division/country:us/state:pa/sldl:64",
      "legislators": [
        {
          "leg_id": "PAL000453",
          "full_name": "R. Lee James"
        }
      ],
      "name": "64",
      "chamber": "lower",
      "abbr": "pa",
      "boundary_id": "ocd-division/country:us/state:pa/sldl:64",
      "num_seats": 1,
      "id": "pa-lower-64"
    },
    {
      "division_id": "ocd-division/country:us/state:pa/sldl:65",
      "legislators": [
        {
          "leg_id": "PAL000202",
          "full_name": "Kathy L. Rapp"
        }
      ],
      "name": "65",
      "chamber": "lower",
      "abbr": "pa",
      "boundary_id": "ocd-division/country:us/state:pa/sldl:65",
      "num_seats": 1,
      "id": "pa-lower-65"
    },
    {
      "division_id": "ocd-division/country:us/state:pa/sldl:66",
      "legislators": [
        {
          "leg_id": "PAL000513",
          "full_name": "Cris Dush"
        }
      ],
      "name": "66",
      "chamber": "lower",
      "abbr": "pa",
      "boundary_id": "ocd-division/country:us/state:pa/sldl:66",
      "num_seats": 1,
      "id": "pa-lower-66"
    },
    {
      "division_id": "ocd-division/country:us/state:pa/sldl:67",
      "legislators": [
        {
          "leg_id": "PAL000073",
          "full_name": "Martin T. Causer"
        }
      ],
      "name": "67",
      "chamber": "lower",
      "abbr": "pa",
      "boundary_id": "ocd-division/country:us/state:pa/sldl:67",
      "num_seats": 1,
      "id": "pa-lower-67"
    },
    {
      "division_id": "ocd-division/country:us/state:pa/sldl:68",
      "legislators": [
        {
          "leg_id": "PAL000571",
          "full_name": "Clint Owlett"
        }
      ],
      "name": "68",
      "chamber": "lower",
      "abbr": "pa",
      "boundary_id": "ocd-division/country:us/state:pa/sldl:68",
      "num_seats": 1,
      "id": "pa-lower-68"
    },
    {
      "division_id": "ocd-division/country:us/state:pa/sldl:69",
      "legislators": [
        {
          "leg_id": "PAL000168",
          "full_name": "Carl Walker Metzgar"
        }
      ],
      "name": "69",
      "chamber": "lower",
      "abbr": "pa",
      "boundary_id": "ocd-division/country:us/state:pa/sldl:69",
      "num_seats": 1,
      "id": "pa-lower-69"
    },
    {
      "division_id": "ocd-division/country:us/state:pa/sldl:70",
      "legislators": [
        {
          "leg_id": "PAL000063",
          "full_name": "Matthew D. Bradford"
        }
      ],
      "name": "70",
      "chamber": "lower",
      "abbr": "pa",
      "boundary_id": "ocd-division/country:us/state:pa/sldl:70",
      "num_seats": 1,
      "id": "pa-lower-70"
    },
    {
      "division_id": "ocd-division/country:us/state:pa/sldl:71",
      "legislators": [
        {
          "leg_id": "PAL000053",
          "full_name": "Bryan Barbin"
        }
      ],
      "name": "71",
      "chamber": "lower",
      "abbr": "pa",
      "boundary_id": "ocd-division/country:us/state:pa/sldl:71",
      "num_seats": 1,
      "id": "pa-lower-71"
    },
    {
      "division_id": "ocd-division/country:us/state:pa/sldl:7",
      "legislators": [
        {
          "leg_id": "PAL000153",
          "full_name": "Mark Longietti"
        }
      ],
      "name": "7",
      "chamber": "lower",
      "abbr": "pa",
      "boundary_id": "ocd-division/country:us/state:pa/sldl:7",
      "num_seats": 1,
      "id": "pa-lower-7"
    },
    {
      "division_id": "ocd-division/country:us/state:pa/sldl:72",
      "legislators": [
        {
          "leg_id": "PAL000068",
          "full_name": "Frank Burns"
        }
      ],
      "name": "72",
      "chamber": "lower",
      "abbr": "pa",
      "boundary_id": "ocd-division/country:us/state:pa/sldl:72",
      "num_seats": 1,
      "id": "pa-lower-72"
    },
    {
      "division_id": "ocd-division/country:us/state:pa/sldl:73",
      "legislators": [
        {
          "leg_id": "PAL000466",
          "full_name": "Tommy Sankey"
        }
      ],
      "name": "73",
      "chamber": "lower",
      "abbr": "pa",
      "boundary_id": "ocd-division/country:us/state:pa/sldl:73",
      "num_seats": 1,
      "id": "pa-lower-73"
    },
    {
      "division_id": "ocd-division/country:us/state:pa/sldl:74",
      "legislators": [
        {
          "leg_id": "PAL000485",
          "full_name": "Harry Lewis"
        }
      ],
      "name": "74",
      "chamber": "lower",
      "abbr": "pa",
      "boundary_id": "ocd-division/country:us/state:pa/sldl:74",
      "num_seats": 1,
      "id": "pa-lower-74"
    },
    {
      "division_id": "ocd-division/country:us/state:pa/sldl:75",
      "legislators": [
        {
          "leg_id": "PAL000109",
          "full_name": "Matt Gabler"
        }
      ],
      "name": "75",
      "chamber": "lower",
      "abbr": "pa",
      "boundary_id": "ocd-division/country:us/state:pa/sldl:75",
      "num_seats": 1,
      "id": "pa-lower-75"
    },
    {
      "division_id": "ocd-division/country:us/state:pa/sldl:76",
      "legislators": [
        {
          "leg_id": "PAL000125",
          "full_name": "Michael K. Hanna"
        }
      ],
      "name": "76",
      "chamber": "lower",
      "abbr": "pa",
      "boundary_id": "ocd-division/country:us/state:pa/sldl:76",
      "num_seats": 1,
      "id": "pa-lower-76"
    },
    {
      "division_id": "ocd-division/country:us/state:pa/sldl:77",
      "legislators": [
        {
          "leg_id": "PAL000077",
          "full_name": "Scott Conklin"
        }
      ],
      "name": "77",
      "chamber": "lower",
      "abbr": "pa",
      "boundary_id": "ocd-division/country:us/state:pa/sldl:77",
      "num_seats": 1,
      "id": "pa-lower-77"
    },
    {
      "division_id": "ocd-division/country:us/state:pa/sldl:78",
      "legislators": [
        {
          "leg_id": "PAL000478",
          "full_name": "Jesse Topper"
        }
      ],
      "name": "78",
      "chamber": "lower",
      "abbr": "pa",
      "boundary_id": "ocd-division/country:us/state:pa/sldl:78",
      "num_seats": 1,
      "id": "pa-lower-78"
    },
    {
      "division_id": "ocd-division/country:us/state:pa/sldl:79",
      "legislators": [
        {
          "leg_id": "PAL000458",
          "full_name": "John D McGinnis"
        }
      ],
      "name": "79",
      "chamber": "lower",
      "abbr": "pa",
      "boundary_id": "ocd-division/country:us/state:pa/sldl:79",
      "num_seats": 1,
      "id": "pa-lower-79"
    },
    {
      "division_id": "ocd-division/country:us/state:pa/sldl:80",
      "legislators": [
        {
          "leg_id": "PAL000495",
          "full_name": "Judy Ward"
        }
      ],
      "name": "80",
      "chamber": "lower",
      "abbr": "pa",
      "boundary_id": "ocd-division/country:us/state:pa/sldl:80",
      "num_seats": 1,
      "id": "pa-lower-80"
    },
    {
      "division_id": "ocd-division/country:us/state:pa/sldl:81",
      "legislators": [
        {
          "leg_id": "PAL000508",
          "full_name": "Rich Irvin"
        }
      ],
      "name": "81",
      "chamber": "lower",
      "abbr": "pa",
      "boundary_id": "ocd-division/country:us/state:pa/sldl:81",
      "num_seats": 1,
      "id": "pa-lower-81"
    },
    {
      "division_id": "ocd-division/country:us/state:pa/sldl:8",
      "legislators": [
        {
          "leg_id": "PAL000518",
          "full_name": "Tedd C. Nesbit"
        }
      ],
      "name": "8",
      "chamber": "lower",
      "abbr": "pa",
      "boundary_id": "ocd-division/country:us/state:pa/sldl:8",
      "num_seats": 1,
      "id": "pa-lower-8"
    },
    {
      "division_id": "ocd-division/country:us/state:pa/sldl:82",
      "legislators": [
        {
          "leg_id": "PAL000130",
          "full_name": "Adam Harris"
        }
      ],
      "name": "82",
      "chamber": "lower",
      "abbr": "pa",
      "boundary_id": "ocd-division/country:us/state:pa/sldl:82",
      "num_seats": 1,
      "id": "pa-lower-82"
    },
    {
      "division_id": "ocd-division/country:us/state:pa/sldl:83",
      "legislators": [
        {
          "leg_id": "PAL000512",
          "full_name": "Jeff C. Wheeland"
        }
      ],
      "name": "83",
      "chamber": "lower",
      "abbr": "pa",
      "boundary_id": "ocd-division/country:us/state:pa/sldl:83",
      "num_seats": 1,
      "id": "pa-lower-83"
    },
    {
      "division_id": "ocd-division/country:us/state:pa/sldl:84",
      "legislators": [
        {
          "leg_id": "PAL000101",
          "full_name": "Garth D. Everett"
        }
      ],
      "name": "84",
      "chamber": "lower",
      "abbr": "pa",
      "boundary_id": "ocd-division/country:us/state:pa/sldl:84",
      "num_seats": 1,
      "id": "pa-lower-84"
    },
    {
      "division_id": "ocd-division/country:us/state:pa/sldl:85",
      "legislators": [
        {
          "leg_id": "PAL000287",
          "full_name": "Fred Keller"
        }
      ],
      "name": "85",
      "chamber": "lower",
      "abbr": "pa",
      "boundary_id": "ocd-division/country:us/state:pa/sldl:85",
      "num_seats": 1,
      "id": "pa-lower-85"
    },
    {
      "division_id": "ocd-division/country:us/state:pa/sldl:86",
      "legislators": [
        {
          "leg_id": "PAL000141",
          "full_name": "Mark K. Keller"
        }
      ],
      "name": "86",
      "chamber": "lower",
      "abbr": "pa",
      "boundary_id": "ocd-division/country:us/state:pa/sldl:86",
      "num_seats": 1,
      "id": "pa-lower-86"
    },
    {
      "division_id": "ocd-division/country:us/state:pa/sldl:87",
      "legislators": [
        {
          "leg_id": "PAL000529",
          "full_name": "Greg Rothman"
        }
      ],
      "name": "87",
      "chamber": "lower",
      "abbr": "pa",
      "boundary_id": "ocd-division/country:us/state:pa/sldl:87",
      "num_seats": 1,
      "id": "pa-lower-87"
    },
    {
      "division_id": "ocd-division/country:us/state:pa/sldl:88",
      "legislators": [
        {
          "leg_id": "PAL000091",
          "full_name": "Sheryl M. Delozier"
        }
      ],
      "name": "88",
      "chamber": "lower",
      "abbr": "pa",
      "boundary_id": "ocd-division/country:us/state:pa/sldl:88",
      "num_seats": 1,
      "id": "pa-lower-88"
    },
    {
      "division_id": "ocd-division/country:us/state:pa/sldl:89",
      "legislators": [
        {
          "leg_id": "PAL000140",
          "full_name": "Rob W. Kauffman"
        }
      ],
      "name": "89",
      "chamber": "lower",
      "abbr": "pa",
      "boundary_id": "ocd-division/country:us/state:pa/sldl:89",
      "num_seats": 1,
      "id": "pa-lower-89"
    },
    {
      "division_id": "ocd-division/country:us/state:pa/sldl:90",
      "legislators": [
        {
          "leg_id": "PAL000493",
          "full_name": "Paul Schemel"
        }
      ],
      "name": "90",
      "chamber": "lower",
      "abbr": "pa",
      "boundary_id": "ocd-division/country:us/state:pa/sldl:90",
      "num_seats": 1,
      "id": "pa-lower-90"
    },
    {
      "division_id": "ocd-division/country:us/state:pa/sldl:91",
      "legislators": [
        {
          "leg_id": "PAL000175",
          "full_name": "Dan Moul"
        }
      ],
      "name": "91",
      "chamber": "lower",
      "abbr": "pa",
      "boundary_id": "ocd-division/country:us/state:pa/sldl:91",
      "num_seats": 1,
      "id": "pa-lower-91"
    },
    {
      "division_id": "ocd-division/country:us/state:pa/sldl:9",
      "legislators": [
        {
          "leg_id": "PAL000214",
          "full_name": "Chris Sainato"
        }
      ],
      "name": "9",
      "chamber": "lower",
      "abbr": "pa",
      "boundary_id": "ocd-division/country:us/state:pa/sldl:9",
      "num_seats": 1,
      "id": "pa-lower-9"
    },
    {
      "division_id": "ocd-division/country:us/state:pa/sldl:92",
      "legislators": [
        {
          "leg_id": "PAL000560",
          "full_name": "Dawn W. Keefer"
        }
      ],
      "name": "92",
      "chamber": "lower",
      "abbr": "pa",
      "boundary_id": "ocd-division/country:us/state:pa/sldl:92",
      "num_seats": 1,
      "id": "pa-lower-92"
    },
    {
      "division_id": "ocd-division/country:us/state:pa/sldl:93",
      "legislators": [
        {
          "leg_id": "PAL000486",
          "full_name": "Kristin Hill"
        }
      ],
      "name": "93",
      "chamber": "lower",
      "abbr": "pa",
      "boundary_id": "ocd-division/country:us/state:pa/sldl:93",
      "num_seats": 1,
      "id": "pa-lower-93"
    },
    {
      "division_id": "ocd-division/country:us/state:pa/sldl:94",
      "legislators": [
        {
          "leg_id": "PAL000218",
          "full_name": "Stan Saylor"
        }
      ],
      "name": "94",
      "chamber": "lower",
      "abbr": "pa",
      "boundary_id": "ocd-division/country:us/state:pa/sldl:94",
      "num_seats": 1,
      "id": "pa-lower-94"
    },
    {
      "division_id": "ocd-division/country:us/state:pa/sldl:95",
      "legislators": [
        {
          "leg_id": "PAL000554",
          "full_name": "Carol Hill-Evans"
        }
      ],
      "name": "95",
      "chamber": "lower",
      "abbr": "pa",
      "boundary_id": "ocd-division/country:us/state:pa/sldl:95",
      "num_seats": 1,
      "id": "pa-lower-95"
    },
    {
      "division_id": "ocd-division/country:us/state:pa/sldl:96",
      "legislators": [
        {
          "leg_id": "PAL000232",
          "full_name": "P. Michael Sturla"
        }
      ],
      "name": "96",
      "chamber": "lower",
      "abbr": "pa",
      "boundary_id": "ocd-division/country:us/state:pa/sldl:96",
      "num_seats": 1,
      "id": "pa-lower-96"
    },
    {
      "division_id": "ocd-division/country:us/state:pa/sldl:97",
      "legislators": [
        {
          "leg_id": "PAL000460",
          "full_name": "Steven C. Mentzer"
        }
      ],
      "name": "97",
      "chamber": "lower",
      "abbr": "pa",
      "boundary_id": "ocd-division/country:us/state:pa/sldl:97",
      "num_seats": 1,
      "id": "pa-lower-97"
    },
    {
      "division_id": "ocd-division/country:us/state:pa/sldl:98",
      "legislators": [
        {
          "leg_id": "PAL000134",
          "full_name": "David S. Hickernell"
        }
      ],
      "name": "98",
      "chamber": "lower",
      "abbr": "pa",
      "boundary_id": "ocd-division/country:us/state:pa/sldl:98",
      "num_seats": 1,
      "id": "pa-lower-98"
    },
    {
      "division_id": "ocd-division/country:us/state:pa/sldl:99",
      "legislators": [
        {
          "leg_id": "PAL000514",
          "full_name": "David H. Zimmerman"
        }
      ],
      "name": "99",
      "chamber": "lower",
      "abbr": "pa",
      "boundary_id": "ocd-division/country:us/state:pa/sldl:99",
      "num_seats": 1,
      "id": "pa-lower-99"
    }
  ]