[
{ "_id" : "5e209f1cf453cd36e8601e45", "_class" : "com.jpw.springboot.model.Connection", "userId" : "user6@gmail.com", "connectionUserId" : "C001070", "sourceEntityId" : "user1@gmail.com", "targetEntityId" : "C001070", "targetEntityType" : "LEGISLATOR", "status" : "FOLLOWING", "defaultConnected" : false},
{ "_id" : "5e20a665f453cd36e8601e46", "_class" : "com.jpw.springboot.model.Connection", "userId" : "user6@gmail.com", "connectionUserId" : "T000461", "sourceEntityId" : "user2@gmail.com", "targetEntityId" : "T000461", "targetEntityType" : "LEGISLATOR", "status" : "FOLLOWING", "defaultConnected" : false},
{ "_id" : "5e2304fdf453cd36e8601e47", "_class" : "com.jpw.springboot.model.Connection", "userId" : "user6@gmail.com", "connectionUserId" : "user4@gmail.com", "sourceEntityId" : "user3@gmail.com", "sourceEntityType" : "USER", "targetEntityId" : "user4@gmail.com", "targetEntityType" : "PUBLICUSER", "status" : "REQUESTED", "defaultConnected" : false},
{ "_id" : "5e23e3cef453cd36e8601e49", "_class" : "com.jpw.springboot.model.Connection", "userId" : "user6@gmail.com", "connectionUserId" : "user4@gmail.com", "sourceEntityId" : "user4@gmail.com", "targetEntityId" : "user6@gmail.com", "targetEntityType" : "PUBLICUSER", "status" : "FOLLOWING", "defaultConnected" : false },
{ "_id" : "5e6d6e4ef453cd3234f4760c", "_class" : "com.jpw.springboot.model.Connection", "userId" : "user6@gmail.com", "connectionUserId" : "PAL000515?follow", "sourceEntityId" : "user5@gmail.com", "targetEntityId" : "user6@gmail.com", "targetEntityType" : "PUBLICUSER", "status" : "REQUESTED", "defaultConnected" : false },
{ "_id" : "5e6d70f1f453cd3234f4760f", "_class" : "com.jpw.springboot.model.Connection", "userId" : "user6@gmail.com", "connectionUserId" : "user4@gmail.com", "sourceEntityId" : "user7@gmail.com", "targetEntityId" : "user6@gmail.com", "targetEntityType" : "PUBLICUSER", "status" : "REQUESTED", "defaultConnected" : false}
]