[
    {
       "userId":"5dde992df453cd17a8be5345",
       "username":"user4@gmail.com",
       "password":null,
       "userType":null,
       "status":"active",
       "sourceSystem":null,
       "sourceId":null,
       "firstName":"user",
       "lastName":"four",
       "emailId":null,
       "phone":null,
       "address":null,
       "tagName":null,
       "connections":null,
       "userProfile":null,
       "profileTemplates":null,
       "profileDatas":null
    },
    {
       "userId":"5e0fa92ef453cd9f8cc72a3b",
       "username":"user6@gmail.com",
       "password":null,
       "userType":null,
       "status":"active",
       "sourceSystem":null,
       "sourceId":null,
       "firstName":"user",
       "lastName":"six",
       "emailId":null,
       "phone":null,
       "address":null,
       "tagName":null,
       "connections":null,
       "userProfile":null,
       "profileTemplates":null,
       "profileDatas":null
    }
 ]