{
	"id":"g0010",
	"parent_group_id":"",
	"id-natural": "18",
    "geoLocation":"",
   	"groupLevel": "Federal", 
	"groupType": "legislativeDistrict-Federal",
	"profile":
	[
		{
		"profile_template_id":"districtIntroTemplate",
		"name":"Introduction",
		"type":"legislativeDistrict-Federal",
		"properties" : ["name", "description"]
		},
		{
		"profile_template_id":"districtPopulationTemplate",
		"name":"Population",		
		"type":"legislativeDistrict-Federal",
		"properties" : ["population", "maleCount", "femaleCount", "race", "unemployment", "highSchoolGraduationRate", "collegeGraduationRate"]
		},
		{
		"profile_template_id":"districtBusinessTemplate",
		"name":"Popular Business",
		"type":"legislativeDistrict-Federal",	
		"properties" : []
		}
	],
	"profileData":
	[
		{
			"group_profile_id":"gp0010",
			"group_id" : "g0010",
			"profile_template_id":"districtIntroTemplate",
			"data" : [
				{"name":"Pennsylvania's 18th congressional district"}, 
				{"description":"Pennsylvania's 18th congressional district includes parts of Greene County, Washington County, Allegheny and Westmoreland Counties."}
				]
		},
		{
			"group_profile_id":"gp0011",
			"group_id" : "g0010",
			"profile_template_id":"districtPopulationTemplate",	
			"data" : [
				{"population":"711540"}, 
				{"maleCount":"48.7%"},
				{"femaleCount":"51.3%"},
				{"race":"94.28% White, 2.36% Black, 1.63% Asian"},
				{"unemployment":"6.7%"},
				{"highSchoolGraduationRate":"93.5%"},
				{"collegeGraduationRate":"33%"}	
				]
		}
	],
	"activities":[
		{"user_id":"u001", "txtPost":"u00l post"},
		{"user_id":"u002", "txtPost":"u00l post"}
	]		
}
