[
{"profileTemplateId":"upDefault1","type":"public","name":"Biodata1","profileIcon": "person","properties":[{"propId":"first_name","displayLabel":"First Name","type":"text"},{"propId":"last_name","displayLabel":"Last Name","type":"text"},{"propId":"username","displayLabel":"User Name","type":"text"},{"propId":"emailId","displayLabel":"Email Id","type":"text"},{"propId":"phone","displayLabel":"Phone number","type":"text"},{"propId":"address","displayLabel":"Address","type":"text"}]},
{"profileTemplateId":"upDefault2","type":"public","name":"Biodata2","profileIcon": "person","properties":[{"propId":"first_name","displayLabel":"First Name","type":"text"},{"propId":"last_name","displayLabel":"Last Name","type":"text"},{"propId":"username","displayLabel":"User Name","type":"text"},{"propId":"emailId","displayLabel":"Email Id","type":"text"},{"propId":"phone","displayLabel":"Phone number","type":"text"},{"propId":"address","displayLabel":"Address","type":"text"}]},
{"profileTemplateId":"upEvent","type":"LEGISLATIVE_DISTRICT","name":"Event","profileIcon": "group","properties":[{"propId":"full_name","displayLabel":"Event Name","type":"text"}, {"propId":"description","displayLabel":"Description","type":"text"}, {"propId":"location_name","displayLabel":"Location Name","type":"text"}, {"propId":"address","displayLabel":"Address","type":"address"}, {"propId":"time","displayLabel":"Time","type":"date"}]},
{"profileTemplateId":"upVote","type":"LEGISLATOR","name":"Vote","profileIcon": "group","properties":[{"propId":"billname","displayLabel":"Bill Name","type":"entity"}, {"propId":"voteoption","displayLabel":"Vote","type":"text"}, {"propId":"rollcall","displayLabel":"Rollcall","type":"text"}, {"propId":"votedate","displayLabel":"Date","type":"date"}]},
{"profileTemplateId":"upBill","type":"BILL","name":"Bill","profileIcon": "group","properties":[{"propId":"billname","displayLabel":"Bill Name","type":"text"}, {"propId":"description","displayLabel":"Description","type":"text"}, {"propId":"sponsors","displayLabel":"Sponsors","type":"entity"}, {"propId":"committee","displayLabel":"Committee","type":"entity"}, {"propId":"status","displayLabel":"Status","type":"text"}, {"propId":"introductiondate","displayLabel":"Date Introduced","type":"date"}]}
 ]