[{

	"id": "5e1e6275f453cd7570b8ee6a",
	"username": "user5@gmail.com",
    "userType": "PUBLICUSER",
	"status": "active",
	"sourceSystem": null,
	"firstName": "user5",
	"lastName": "five",
	"photoUrl": "assets/images/avatar1.png",
	"profileAvatarImgFileId": "543543222332",
	"profileBannerImgFileId": null
},

{
	"id": "5e3da2b2f453cd7b78f3ce86",
	"username": "user6@gmail.com",
	"userType": "PUBLICUSER",
	"status": "active",
	"sourceSystem": null,
	"firstName": "user6",
	"lastName": "six",
	"photoUrl": "assets/images/avatar1.png",
	"profileAvatarImgFileId": null,
	"profileBannerImgFileId": null
},
{
    "id": "5eb355b27e56cd7990252db9",
    "username": "P000096",
    "userType": "LEGISLATOR",
    "status": "PASSIVE",
    "sourceSystem": "GOVTRACK",
    "firstName": null,
    "lastName": null,
    "photoUrl": "assets/images/1679.jpg",
    "profileAvatarImgFileId": null,
    "profileBannerImgFileId": null
  },
  {
    "id": "5eb355b27e56cd7990252da5",
    "username": "P000034",
    "userType": "LEGISLATOR",
    "status": "PASSIVE",
    "sourceSystem": "GOVTRACK",
    "firstName": null,
    "lastName": null,
    "photoUrl": "assets/images/yeoman.png",
    "profileAvatarImgFileId": null,
    "profileBannerImgFileId": null
  },
  {
    "id": "5eb355b27e56cd7990252de1",
    "username": "P000593",
    "userType": "LEGISLATOR",
    "status": "PASSIVE",
    "sourceSystem": "GOVTRACK",
    "firstName": null,
    "lastName": null,
    "photoUrl": "assets/images/avatar-male.png",
    "profileAvatarImgFileId": null,
    "profileBannerImgFileId": null
  },
  {
    "id": "5eb355b57e56cd799025335d",
    "username": "P000609",
    "userType": "LEGISLATOR",
    "status": "PASSIVE",
    "sourceSystem": "GOVTRACK",
    "firstName": null,
    "lastName": null,
    "photoUrl": "assets/images/1679.jpg",
    "profileAvatarImgFileId": null,
    "profileBannerImgFileId": null
  },
  {
    "id": "5eb355b57e56cd799025343f",
    "username": "P000612",
    "userType": "LEGISLATOR",
    "status": "PASSIVE",
    "sourceSystem": "GOVTRACK",
    "firstName": null,
    "lastName": null,
    "photoUrl": "assets/images/1679.jpg",
    "profileAvatarImgFileId": null,
    "profileBannerImgFileId": null
  },
  {
    "id": "5eb355b67e56cd79902535e2",
    "username": "P000618",
    "userType": "LEGISLATOR",
    "status": "PASSIVE",
    "sourceSystem": "GOVTRACK",
    "firstName": null,
    "lastName": null,
    "photoUrl": "assets/images/1679.jpg",
    "profileAvatarImgFileId": null,
    "profileBannerImgFileId": null
  },
  {
    "id": "5eb355b27e56cd7990252df2",
    "username": "P000258",
    "userType": "LEGISLATOR",
    "status": "PASSIVE",
    "sourceSystem": "GOVTRACK",
    "firstName": null,
    "lastName": null,
    "photoUrl": "assets/images/yeoman.png",
    "profileAvatarImgFileId": null,
    "profileBannerImgFileId": null
  },
  {
    "id": "5eb355b27e56cd7990252deb",
    "username": "P000595",
    "userType": "LEGISLATOR",
    "status": "PASSIVE",
    "sourceSystem": "GOVTRACK",
    "firstName": null,
    "lastName": null,
    "photoUrl": "assets/images/yeoman.png",
    "profileAvatarImgFileId": null,
    "profileBannerImgFileId": null
  },
  {
    "id": "5eb355b27e56cd7990252e19",
    "username": "P000599",
    "userType": "LEGISLATOR",
    "status": "PASSIVE",
    "sourceSystem": "GOVTRACK",
    "firstName": null,
    "lastName": null,
    "photoUrl": "assets/images/yeoman.png",
    "profileAvatarImgFileId": null,
    "profileBannerImgFileId": null
  },
  {
    "id": "5eb355b57e56cd79902532d0",
    "username": "P000605",
    "userType": "LEGISLATOR",
    "status": "PASSIVE",
    "sourceSystem": "GOVTRACK",
    "firstName": null,
    "lastName": null,
    "photoUrl": "assets/images/yeoman.png",
    "profileAvatarImgFileId": null,
    "profileBannerImgFileId": null
  }]