{
    "userId":"C000141",
    "username":"C000141",
    "password":null,
    "userType":"LEGISLATOR",
    "status":"PASSIVE",
    "sourceSystem":"GOVTRACK",
    "sourceId":"C000141",
    "firstName":null,
    "lastName":null,
    "emailId":null,
    "phone":null,
    "address":null,
    "tagName":null,
    "connections":null,
    "userProfile":null,
    "profileTemplates":[
       {
          "id":"5d90330969965152f0f9c173",
          "profileTemplateId":"upCongressLegislatorExternal",
          "type":"legislator",
          "name":"Biodata",
          "profileIcon":"person",
          "properties":[
             {
                "propId":"leg_id",
                "displayLabel":"Legislator External ID"
             },
             {
                "propId":"full_name",
                "displayLabel":"Full Name"
             },
             {
                "propId":"first_name",
                "displayLabel":"First Name"
             },
             {
                "propId":"last_name",
                "displayLabel":"Last Name"
             },
             {
                "propId":"district",
                "displayLabel":"District"
             },
             {
                "propId":"party",
                "displayLabel":"Party"
             },
             {
                "propId":"chamber",
                "displayLabel":"Chamber"
             },
             {
                "propId":"state",
                "displayLabel":"State"
             }
          ]
       },
       {
          "id":"5e1e3c7af453cd4988773a0b",
          "profileTemplateId":"upRole",
          "type":"legislator",
          "name":"Role",
          "profileIcon":"group",
          "properties":[
             {
                "propId":"start",
                "displayLabel":"Start Date"
             },
             {
                "propId":"end",
                "displayLabel":"End Date"
             },
             {
                "propId":"district",
                "displayLabel":"District"
             },
             {
                "propId":"chamber",
                "displayLabel":"Chamber"
             },
             {
                "propId":"state",
                "displayLabel":"State"
             },
             {
                "propId":"party",
                "displayLabel":"Party"
             },
             {
                "propId":"member",
                "displayLabel":"Member"
             },
             {
                "propId":"committee",
                "displayLabel":"Committee"
             },
             {
                "propId":"position",
                "displayLabel":"Position"
             },
             {
                "propId":"type",
                "displayLabel":"Type"
             }
          ]
       },
       {
          "id":"5e1e3c9ff453cd4988773a0c",
          "profileTemplateId":"upOffices",
          "type":"legislator",
          "name":"Office",
          "profileIcon":"business",
          "properties":[
             {
                "propId":"name",
                "displayLabel":"Name"
             },
             {
                "propId":"type",
                "displayLabel":"Type"
             },
             {
                "propId":"phone",
                "displayLabel":"Phone"
             },
             {
                "propId":"address",
                "displayLabel":"Address"
             },
             {
                "propId":"start",
                "displayLabel":"Start Date"
             },
             {
                "propId":"end",
                "displayLabel":"End Date"
             },
             {
                "propId":"email",
                "displayLabel":"Email"
             },
             {
                "propId":"fax",
                "displayLabel":"Fax"
             }
          ]
       }
    ],
    "profileDatas":[
       {
          "id":"5dbe4e52f453cd2e706df4fd",
          "profileTemplateId":"upCongressLegislatorExternal",
          "data":{
             "full_name":"Benjamin L. Cardin",
             "leg_id":"C000141",
             "last_name":"Cardin",
             "first_name":"Benjamin"
          },
          "dataList":null,
          "entityId":"C000141",
          "entityType":"LEGISLATORCONGRESS",
          "current":false,
          "jsondata":{
             "empty":false
          }
       },
       {
          "id":"5dbe4e52f453cd2e706df4fe",
          "profileTemplateId":"upRole",
          "data":{
             "district":"3.0",
             "start":"1987-01-06",
             "end":"1989-01-03",
             "term":"1987-01-06-1989-01-03",
             "state":"MD",
             "type":"rep",
             "party":"Democrat"
          },
          "dataList":null,
          "entityId":"C000141",
          "entityType":"LEGISLATORCONGRESS",
          "current":false,
          "jsondata":{
             "empty":false
          }
       },
       {
          "id":"5dbe4e52f453cd2e706df4ff",
          "profileTemplateId":"upRole",
          "data":{
             "district":"3.0",
             "start":"1989-01-03",
             "end":"1991-01-03",
             "term":"1989-01-03-1991-01-03",
             "state":"MD",
             "type":"rep",
             "party":"Democrat"
          },
          "dataList":null,
          "entityId":"C000141",
          "entityType":"LEGISLATORCONGRESS",
          "current":false,
          "jsondata":{
             "empty":false
          }
       },
       {
          "id":"5dbe4e52f453cd2e706df500",
          "profileTemplateId":"upRole",
          "data":{
             "district":"3.0",
             "start":"1991-01-03",
             "end":"1993-01-03",
             "term":"1991-01-03-1993-01-03",
             "state":"MD",
             "type":"rep",
             "party":"Democrat"
          },
          "dataList":null,
          "entityId":"C000141",
          "entityType":"LEGISLATORCONGRESS",
          "current":false,
          "jsondata":{
             "empty":false
          }
       },
       {
          "id":"5dbe4e52f453cd2e706df501",
          "profileTemplateId":"upRole",
          "data":{
             "district":"3.0",
             "start":"1993-01-05",
             "end":"1995-01-03",
             "term":"1993-01-05-1995-01-03",
             "state":"MD",
             "type":"rep",
             "party":"Democrat"
          },
          "dataList":null,
          "entityId":"C000141",
          "entityType":"LEGISLATORCONGRESS",
          "current":false,
          "jsondata":{
             "empty":false
          }
       },
       {
          "id":"5dbe4e52f453cd2e706df502",
          "profileTemplateId":"upRole",
          "data":{
             "district":"3.0",
             "start":"1995-01-04",
             "end":"1997-01-03",
             "term":"1995-01-04-1997-01-03",
             "state":"MD",
             "type":"rep",
             "party":"Democrat"
          },
          "dataList":null,
          "entityId":"C000141",
          "entityType":"LEGISLATORCONGRESS",
          "current":false,
          "jsondata":{
             "empty":false
          }
       },
       {
          "id":"5dbe4e52f453cd2e706df503",
          "profileTemplateId":"upRole",
          "data":{
             "district":"3.0",
             "start":"1997-01-07",
             "end":"1999-01-03",
             "term":"1997-01-07-1999-01-03",
             "state":"MD",
             "type":"rep",
             "party":"Democrat"
          },
          "dataList":null,
          "entityId":"C000141",
          "entityType":"LEGISLATORCONGRESS",
          "current":false,
          "jsondata":{
             "empty":false
          }
       },
       {
          "id":"5dbe4e52f453cd2e706df504",
          "profileTemplateId":"upRole",
          "data":{
             "district":"3.0",
             "start":"1999-01-06",
             "end":"2001-01-03",
             "term":"1999-01-06-2001-01-03",
             "state":"MD",
             "type":"rep",
             "party":"Democrat"
          },
          "dataList":null,
          "entityId":"C000141",
          "entityType":"LEGISLATORCONGRESS",
          "current":false,
          "jsondata":{
             "empty":false
          }
       },
       {
          "id":"5dbe4e52f453cd2e706df505",
          "profileTemplateId":"upRole",
          "data":{
             "district":"3.0",
             "start":"2001-01-03",
             "end":"2003-01-03",
             "term":"2001-01-03-2003-01-03",
             "state":"MD",
             "type":"rep",
             "party":"Democrat"
          },
          "dataList":null,
          "entityId":"C000141",
          "entityType":"LEGISLATORCONGRESS",
          "current":false,
          "jsondata":{
             "empty":false
          }
       },
       {
          "id":"5dbe4e52f453cd2e706df506",
          "profileTemplateId":"upRole",
          "data":{
             "district":"3.0",
             "start":"2003-01-07",
             "end":"2005-01-03",
             "term":"2003-01-07-2005-01-03",
             "state":"MD",
             "type":"rep",
             "party":"Democrat"
          },
          "dataList":null,
          "entityId":"C000141",
          "entityType":"LEGISLATORCONGRESS",
          "current":false,
          "jsondata":{
             "empty":false
          }
       },
       {
          "id":"5dbe4e52f453cd2e706df507",
          "profileTemplateId":"upRole",
          "data":{
             "district":"3.0",
             "start":"2005-01-04",
             "end":"2007-01-03",
             "term":"2005-01-04-2007-01-03",
             "state":"MD",
             "type":"rep",
             "party":"Democrat"
          },
          "dataList":null,
          "entityId":"C000141",
          "entityType":"LEGISLATORCONGRESS",
          "current":false,
          "jsondata":{
             "empty":false
          }
       },
       {
          "id":"5dbe4e52f453cd2e706df508",
          "profileTemplateId":"upOffices",
          "data":{
             "address":"509 HART SENATE OFFICE BUILDING WASHINGTON DC 20510",
             "phone":"202-224-4524",
             "start":"2007-01-04",
             "end":"2013-01-03",
             "term":"2007-01-04-2013-01-03",
             "fax":"202-224-1651"
          },
          "dataList":null,
          "entityId":"C000141",
          "entityType":"LEGISLATORCONGRESS",
          "current":false,
          "jsondata":{
             "empty":false
          }
       },
       {
          "id":"5dbe4e52f453cd2e706df509",
          "profileTemplateId":"upOffices",
          "data":{
             "address":"509 Hart Senate Office Building Washington DC 20510",
             "phone":"202-224-4524",
             "start":"2013-01-03",
             "end":"2019-01-03",
             "term":"2013-01-03-2019-01-03",
             "fax":"202-224-1651"
          },
          "dataList":null,
          "entityId":"C000141",
          "entityType":"LEGISLATORCONGRESS",
          "current":false,
          "jsondata":{
             "empty":false
          }
       },
       {
          "id":"5dbe4e53f453cd2e706df50a",
          "profileTemplateId":"upOffices",
          "data":{
             "isCurrent":true,
             "address":"509 Hart Senate Office Building Washington DC 20510",
             "phone":"202-224-4524",
             "start":"2019-01-03",
             "end":"2025-01-03",
             "term":"2019-01-03-2025-01-03"
          },
          "dataList":null,
          "entityId":"C000141",
          "entityType":"LEGISLATORCONGRESS",
          "current":true,
          "jsondata":{
             "empty":false
          }
       }
    ]
 }