{
	"userId":"5c230bce29a45f23e0650c7f",
	"username":"yuvarajm1",
	"userType":"publicUser",
	"district":[{"district":"42", "type":"legislation"}, {"district":"18", "type": "congress"}],
	"connections":[
		{"groups":[{"entityId":"g0010"}]},
		{"users":[{"entityId":"u002"}]},		
		{"positions":[{"entityId":"p001"}]} 
	
	],
	"profile":
	[
		{
		"profile_template_id":"upDefault",
		"name":"Default",
		"type":"public", 
		"properties" : [
			{"propId":"first_name", "displayLabel":"First Name"},
			{"propId":"last_name", "displayLabel":"Last Name"},
			{"propId":"username", "displayLabel":"User Name"},
			{"propId":"emailId", "displayLabel":"Email Id"},
			{"propId":"phone", "displayLabel":"Phone number"},
			{"propId":"address", "displayLabel":"Address"}

		]
		}
 
	],	
	"profileData":[
		{
		"user_profile_id":"up0010",
		"profile_template_id":"upDefault",
		"data" : [
			{"first_name":"Yuvaraj"}, 
			{"last_name":"Muthu"},
			{"username":"yuvarajm1"},
			{"emailId":"testUser001@domain.com"},
			{"profileSMImageId":"23423342"},
			{"bioguideImageUrl":"http://images.mentalfloss.com/sites/default/files/istock-511366776.jpg"},
			{"address":"300 chatham park dr, Pittsburgh, PA 15220, USA"}
			]
		}
	]
}