{
	"userId":"T000461",
	"userType": "legislator",
	"geoLocation": "",
	"connections":[
		{"groups":[{"entityId":"g0010"}]},
		{"users":[{"entityId":"PAL000515", "connectionStatus":"REJECTED"}]},		
		{"positions":[{"entityId":"p001"}]}
	
	],
	"followers":[{"user_id":"u003"}],
	"profile":
	[
		{
		"profile_template_id":"upCongressLegislatorDefault",
		"name":"Default",
		"type":"legislator",
		"properties" : []
		},
		{
		"profile_template_id":"upCongressLegislatorExternal",
		"name":"LegislatorCongress",
		"type":"legislator",
		"properties" : [
				"leg_id",
				"full_name",
				"first_name",
				"last_name",
				"district",
				"party",
				"chamber",
				"state",
				"state_name",
				"state_rank",
		         "bioguide_id",
		         "birthday",
		         "contact_form",
		         "crp_id",
		         "facebook_id",
		         "fax",
		         "fec_ids",
		         "gender",
		         "govtrack_id",
		         "icpsr_id",
		         "in_office",
		         "leadership_role",
		         "lis_id",
		         "middle_name",
		         "name_suffix",
		         "nickname",
		         "oc_email",
		         "ocd_id",
		         "office",
		         "phone",
		         "senate_class",
		         "term_end",
		         "term_start",
		         "thomas_id",
		         "title",
		         "twitter_id",
		         "votesmart_id",
		         "website",
		         "youtube_id"
			 ]
		},
		{
		"profile_template_id":"upCongressLegislatorCommitteeExternal",
		"name":"Committee",
		"type":"legislator",
		"properties" : []
		}

	],	
	"profileData":[
		{
		"user_profile_id":"up0010",
		"profile_template_id":"upCongressLegislatorDefault",
		"data" : []
		},
		{
		"user_profile_id":"up0010",
		"profile_template_id":"upCongressLegislatorExternal",
		"data" : []
		},
		{
		"user_profile_id":"up0010",
		"profile_template_id":"upCongressLegislatorCommitteeExternal",
		"data" : []
		}
	]
}