{"createdDate":"2020-05-07 00:00:36","lastModifiedDate":"2020-05-07 00:00:36","userId":"5eb34fa47e56cd728833c936","username":"PAL000515","displayName":null,"password":null,"userType":"LEGISLATOR","accessLevel":null,"status":"PASSIVE","profileManagedBy":null,"firstName":null,"lastName":null,"emailId":null,"phone":null,"address":null,"photoUrl":"http://www.legis.state.pa.us/images/members/200/1679.jpg","profileAvatarImgFileId":null,"profileBannerImgFileId":null,"sourceSystem":"OPENSTATE","sourceId":"PAL000515","tagName":null,"connections":null,"userProfile":null,"profileTemplates":[{"createdDate":"2020-03-21 17:36:17","lastModifiedDate":"2020-03-21 17:36:17","id":"5e765091f453cd50ac1a023c","profileTemplateId":"upRole","type":"legislator","name":"Role","profileIcon":"group","properties":[{"propId":"start","displayLabel":"Start Date","type":"date"},{"propId":"end","displayLabel":"End Date","type":"date"},{"propId":"district","displayLabel":"District","type":"text"},{"propId":"chamber","displayLabel":"Chamber","type":"text"},{"propId":"state","displayLabel":"State","type":"text"},{"propId":"party","displayLabel":"Party","type":"text"},{"propId":"member","displayLabel":"Member","type":"text"},{"propId":"committee","displayLabel":"Committee","type":"text"},{"propId":"position","displayLabel":"Position","type":"text"},{"propId":"type","displayLabel":"Type","type":"text"}]},{"createdDate":"2020-05-13 20:30:02","lastModifiedDate":"2020-05-13 20:30:02","id":"5ebc58caf453cd1c6ca4da22","profileTemplateId":"upOffices","type":"legislator","name":"Office","profileIcon":"business","properties":[{"propId":"name","displayLabel":"Name","type":"text"},{"propId":"type","displayLabel":"Type","type":"text"},{"propId":"phone","displayLabel":"Phone","type":"text"},{"propId":"address","displayLabel":"Address","type":"text"},{"propId":"start","displayLabel":"Start Date","type":"date"},{"propId":"end","displayLabel":"End Date","type":"date"},{"propId":"email","displayLabel":"Email","type":"text"},{"propId":"fax","displayLabel":"Fax","type":"text"}]}],"profileDatas":[{"createdDate":null,"lastModifiedDate":"2020-03-03 19:52:25","id":"","profileTemplateId":"upRole","data":{"start":null,"end":null,"district":"42","chamber":"lower","state":"pa","party":"Democratic","member":null,"committee":null,"position":null,"type":null},"dataList":null,"entityId":"PAL000515","entityType":null,"current":false,"jsondata":{"empty":false}},{"createdDate":"2020-03-03 21:37:21","lastModifiedDate":"2020-03-03 21:37:21","id":"5e5ece117e56cd6c488d3f4f","profileTemplateId":"upRole","data":{"start":"1981-06-25","end":"1984-07-26","district":"45","chamber":"upper","state":"wa","party":"Democratic","member":"member","committee":null,"position":null,"type":null},"dataList":null,"entityId":"PAL000515","entityType":null,"current":false,"jsondata":{"empty":false}},{"createdDate":"2020-03-04 04:36:14","lastModifiedDate":"2020-03-04 04:36:14","id":"5e5f303e7e56cd6c488d3f50","profileTemplateId":"upRole","data":{"start":"1980-12-01","end":"1984-11-05","district":"40","chamber":"lower","state":"OH","party":"Democratic","member":null,"committee":null,"position":null,"type":null},"dataList":null,"entityId":"PAL000515","entityType":null,"current":false,"jsondata":{"empty":false}},{"createdDate":"2020-03-15 21:46:06","lastModifiedDate":"2020-03-15 21:46:06","id":"5e6ea21ef453cd3234f47611","profileTemplateId":"upRole","data":{"start":"2003-01-07","end":"2009-01-03","district":null,"chamber":null,"state":"SC","party":"Republican","member":null,"committee":"Youth wing","position":null,"type":"sen"},"dataList":null,"entityId":"PAL000515","entityType":null,"current":false,"jsondata":{"empty":false}},{"createdDate":"2020-03-21 22:56:03","lastModifiedDate":"2020-03-21 22:56:03","id":"5e769b83f453cd6b9880d7b4","profileTemplateId":"upRole","data":{"start":"1980-01-01","end":"1985-03-17","district":"31","chamber":"lower","state":"pa","party":"Democratic","member":null,"committee":null,"position":null,"type":"member"},"dataList":null,"entityId":"PAL000515","entityType":null,"current":false,"jsondata":{"empty":false}},{"createdDate":"2020-03-21 23:14:58","lastModifiedDate":"2020-03-21 23:31:45","id":"5e769ff2f453cd6b9880d7b5","profileTemplateId":"upRole","data":{"start":"1981-06-27","end":"1985-03-17","district":"31","chamber":"lower","state":"pa","party":"Democratic","member":null,"committee":null,"position":null,"type":"member"},"dataList":null,"entityId":"PAL000515","entityType":null,"current":false,"jsondata":{"empty":false}},{"createdDate":"2020-05-07 00:00:36","lastModifiedDate":"2020-05-07 00:00:36","id":"5eb34fa47e56cd728833c938","profileTemplateId":"upRole","data":{"term":"2017-2018","end_date":null,"district":"42","chamber":"lower","state":"pa","party":"Democratic","type":"member","start_date":null},"dataList":null,"entityId":"PAL000515","entityType":"LEGISLATOROPENSTATE","current":false,"jsondata":{"empty":false}},{"createdDate":"2020-05-07 00:00:36","lastModifiedDate":"2020-05-07 00:00:36","id":"5eb34fa47e56cd728833c939","profileTemplateId":"upOffices","data":{"fax":"412-343-2050","name":"District Office","phone":"412-343-3870","address":"650 Washington Road Suite 102 Mt. Lebanon, PA 15228","type":"district","email":null},"dataList":null,"entityId":"PAL000515","entityType":"LEGISLATOROPENSTATE","current":false,"jsondata":{"empty":false}},{"createdDate":"2020-05-07 00:00:36","lastModifiedDate":"2020-05-07 00:00:36","id":"5eb34fa47e56cd728833c93a","profileTemplateId":"upOffices","data":{"fax":"717-780-4756","name":"Capitol Office","phone":"717-783-1850","address":"116A East Wing PO Box 202042 Harrisburg, PA 17120-2042","type":"capitol","email":null},"dataList":null,"entityId":"PAL000515","entityType":"LEGISLATOROPENSTATE","current":false,"jsondata":{"empty":false}}]}