[
   {
      "createdDate":"2020-05-07 00:00:36",
      "lastModifiedDate":"2020-05-07 00:00:36",
      "id":"5eb34fa47e56cd728833c939",
      "profileTemplateId":"upOffices",
      "data":{
         "fax":"412-343-2050",
         "name":"District Office",
         "phone":"412-343-3870",
         "address":"650 Washington Road Suite 102 Mt. Lebanon, PA 15228",
         "type":"district",
         "email":null
      },
      "dataList":null,
      "entityId":"PAL000515",
      "entityType":"LEGISLATOROPENSTATE",
      "current":false,
      "jsondata":{
         "empty":false
      }
   },
   {
      "createdDate":"2020-05-07 00:00:36",
      "lastModifiedDate":"2020-05-07 00:00:36",
      "id":"5eb34fa47e56cd728833c93a",
      "profileTemplateId":"upOffices",
      "data":{
         "fax":"717-780-4756",
         "name":"Capitol Office",
         "phone":"717-783-1850",
         "address":"116A East Wing PO Box 202042 Harrisburg, PA 17120-2042",
         "type":"capitol",
         "email":null
      },
      "dataList":null,
      "entityId":"PAL000515",
      "entityType":"LEGISLATOROPENSTATE",
      "current":false,
      "jsondata":{
         "empty":false
      }
   }
]